-- MySQL dump 10.13  Distrib 5.7.20, for Win64 (x86_64)
--
-- Host: localhost    Database: empresa
-- ------------------------------------------------------
-- Server version	5.7.20-log

/*!40101 SET @OLD_CHARACTER_SET_CLIENT=@@CHARACTER_SET_CLIENT */;
/*!40101 SET @OLD_CHARACTER_SET_RESULTS=@@CHARACTER_SET_RESULTS */;
/*!40101 SET @OLD_COLLATION_CONNECTION=@@COLLATION_CONNECTION */;
/*!40101 SET NAMES utf8 */;
/*!40103 SET @OLD_TIME_ZONE=@@TIME_ZONE */;
/*!40103 SET TIME_ZONE='+00:00' */;
/*!40014 SET @OLD_UNIQUE_CHECKS=@@UNIQUE_CHECKS, UNIQUE_CHECKS=0 */;
/*!40014 SET @OLD_FOREIGN_KEY_CHECKS=@@FOREIGN_KEY_CHECKS, FOREIGN_KEY_CHECKS=0 */;
/*!40101 SET @OLD_SQL_MODE=@@SQL_MODE, SQL_MODE='NO_AUTO_VALUE_ON_ZERO' */;
/*!40111 SET @OLD_SQL_NOTES=@@SQL_NOTES, SQL_NOTES=0 */;

--
-- Table structure for table `abono_cliente`
--

DROP TABLE IF EXISTS `abono_cliente`;
/*!40101 SET @saved_cs_client     = @@character_set_client */;
/*!40101 SET character_set_client = utf8 */;
CREATE TABLE `abono_cliente` (
  `id_Abono` int(10) NOT NULL AUTO_INCREMENT,
  `cedula_cliente` varchar(13) NOT NULL,
  `cedula_usuario` varchar(15) NOT NULL,
  `monto_abono` decimal(7,2) NOT NULL,
  `fecha` varchar(10) NOT NULL,
  PRIMARY KEY (`id_Abono`),
  KEY `abono_fk` (`cedula_cliente`),
  CONSTRAINT `abono_fk` FOREIGN KEY (`cedula_cliente`) REFERENCES `clientes` (`cedula_cliente`)
) ENGINE=InnoDB DEFAULT CHARSET=utf8;
/*!40101 SET character_set_client = @saved_cs_client */;

--
-- Dumping data for table `abono_cliente`
--

LOCK TABLES `abono_cliente` WRITE;
/*!40000 ALTER TABLE `abono_cliente` DISABLE KEYS */;
/*!40000 ALTER TABLE `abono_cliente` ENABLE KEYS */;
UNLOCK TABLES;

--
-- Table structure for table `bodega`
--

DROP TABLE IF EXISTS `bodega`;
/*!40101 SET @saved_cs_client     = @@character_set_client */;
/*!40101 SET character_set_client = utf8 */;
CREATE TABLE `bodega` (
  `id_bodega` int(3) NOT NULL AUTO_INCREMENT,
  `nombre_bodega` varchar(20) NOT NULL,
  PRIMARY KEY (`id_bodega`),
  UNIQUE KEY `nombre_bodega` (`nombre_bodega`)
) ENGINE=InnoDB AUTO_INCREMENT=2 DEFAULT CHARSET=utf8;
/*!40101 SET character_set_client = @saved_cs_client */;

--
-- Dumping data for table `bodega`
--

LOCK TABLES `bodega` WRITE;
/*!40000 ALTER TABLE `bodega` DISABLE KEYS */;
INSERT INTO `bodega` VALUES (1,'Bodega 1');
/*!40000 ALTER TABLE `bodega` ENABLE KEYS */;
UNLOCK TABLES;

--
-- Table structure for table `categoria`
--

DROP TABLE IF EXISTS `categoria`;
/*!40101 SET @saved_cs_client     = @@character_set_client */;
/*!40101 SET character_set_client = utf8 */;
CREATE TABLE `categoria` (
  `id_categoria` int(3) NOT NULL AUTO_INCREMENT,
  `nombre_categoria` varchar(20) NOT NULL,
  PRIMARY KEY (`id_categoria`),
  UNIQUE KEY `nombre_categoria` (`nombre_categoria`)
) ENGINE=InnoDB AUTO_INCREMENT=8 DEFAULT CHARSET=utf8;
/*!40101 SET character_set_client = @saved_cs_client */;

--
-- Dumping data for table `categoria`
--

LOCK TABLES `categoria` WRITE;
/*!40000 ALTER TABLE `categoria` DISABLE KEYS */;
INSERT INTO `categoria` VALUES (2,'Computacion'),(7,'Juguetes'),(4,'Lapiceros'),(6,'Manualidades'),(5,'Oficina'),(3,'Pinturas'),(1,'Utiles Escolares');
/*!40000 ALTER TABLE `categoria` ENABLE KEYS */;
UNLOCK TABLES;

--
-- Table structure for table `clientes`
--

DROP TABLE IF EXISTS `clientes`;
/*!40101 SET @saved_cs_client     = @@character_set_client */;
/*!40101 SET character_set_client = utf8 */;
CREATE TABLE `clientes` (
  `nombres` varchar(50) NOT NULL,
  `cedula_cliente` varchar(13) NOT NULL,
  `telefono` varchar(10) NOT NULL,
  `deuda` decimal(7,2) NOT NULL DEFAULT '0.00',
  `direccion` text NOT NULL,
  `estado` tinyint(1) DEFAULT '1',
  PRIMARY KEY (`cedula_cliente`),
  UNIQUE KEY `nombres` (`nombres`)
) ENGINE=InnoDB DEFAULT CHARSET=utf8;
/*!40101 SET character_set_client = @saved_cs_client */;

--
-- Dumping data for table `clientes`
--

LOCK TABLES `clientes` WRITE;
/*!40000 ALTER TABLE `clientes` DISABLE KEYS */;
INSERT INTO `clientes` VALUES ('ROBERTH','1105970717','2983498',12.25,'SAN VICENTE',1),('CONSUMIDOR FINAL','1111111111111',' ',0.00,' ',1),('CONSUELO REYES','1178362536493','2923472894',0.00,'SAN VICENTE',1);
/*!40000 ALTER TABLE `clientes` ENABLE KEYS */;
UNLOCK TABLES;

--
-- Table structure for table `detalle_venta`
--

DROP TABLE IF EXISTS `detalle_venta`;
/*!40101 SET @saved_cs_client     = @@character_set_client */;
/*!40101 SET character_set_client = utf8 */;
CREATE TABLE `detalle_venta` (
  `cedula_cliente` varchar(13) DEFAULT NULL,
  `cantidad` int(7) DEFAULT NULL,
  `codigo` varchar(13) DEFAULT NULL,
  `precio_venta` decimal(8,2) NOT NULL,
  `usuario` varchar(15) DEFAULT NULL,
  `id_venta` int(10) DEFAULT NULL,
  KEY `cedula_fk` (`cedula_cliente`),
  KEY `codigo_fk` (`codigo`),
  KEY `venta_fk` (`id_venta`),
  CONSTRAINT `cedula_fk` FOREIGN KEY (`cedula_cliente`) REFERENCES `clientes` (`cedula_cliente`),
  CONSTRAINT `codigo_fk` FOREIGN KEY (`codigo`) REFERENCES `producto` (`codigo`),
  CONSTRAINT `venta_fk` FOREIGN KEY (`id_venta`) REFERENCES `venta` (`id_Venta`)
) ENGINE=InnoDB DEFAULT CHARSET=utf8;
/*!40101 SET character_set_client = @saved_cs_client */;

--
-- Dumping data for table `detalle_venta`
--

LOCK TABLES `detalle_venta` WRITE;
/*!40000 ALTER TABLE `detalle_venta` DISABLE KEYS */;
INSERT INTO `detalle_venta` VALUES ('1111111111111',1,'0050',0.45,'qwe',1),('1111111111111',1,'0100',1.79,'qwe',1);
/*!40000 ALTER TABLE `detalle_venta` ENABLE KEYS */;
UNLOCK TABLES;

--
-- Table structure for table `existenciasbodega`
--

DROP TABLE IF EXISTS `existenciasbodega`;
/*!40101 SET @saved_cs_client     = @@character_set_client */;
/*!40101 SET character_set_client = utf8 */;
CREATE TABLE `existenciasbodega` (
  `id_bodega` int(3) DEFAULT NULL,
  `codigo` varchar(13) DEFAULT NULL,
  `cantidad` int(4) DEFAULT NULL,
  KEY `idBodega_fk` (`id_bodega`),
  KEY `codigoBodega_fk` (`codigo`),
  CONSTRAINT `codigoBodega_fk` FOREIGN KEY (`codigo`) REFERENCES `producto` (`codigo`),
  CONSTRAINT `idBodega_fk` FOREIGN KEY (`id_bodega`) REFERENCES `bodega` (`id_bodega`)
) ENGINE=InnoDB DEFAULT CHARSET=utf8;
/*!40101 SET character_set_client = @saved_cs_client */;

--
-- Dumping data for table `existenciasbodega`
--

LOCK TABLES `existenciasbodega` WRITE;
/*!40000 ALTER TABLE `existenciasbodega` DISABLE KEYS */;
/*!40000 ALTER TABLE `existenciasbodega` ENABLE KEYS */;
UNLOCK TABLES;

--
-- Table structure for table `pago_proveedor`
--

DROP TABLE IF EXISTS `pago_proveedor`;
/*!40101 SET @saved_cs_client     = @@character_set_client */;
/*!40101 SET character_set_client = utf8 */;
CREATE TABLE `pago_proveedor` (
  `id_pago` int(6) NOT NULL AUTO_INCREMENT,
  `ruc` varchar(15) DEFAULT NULL,
  `cedula_usuario` varchar(10) NOT NULL,
  `monto_cancelado` decimal(7,2) NOT NULL,
  `fecha` varchar(10) DEFAULT NULL,
  `tipo` varchar(7) DEFAULT NULL,
  `descripcion` text,
  PRIMARY KEY (`id_pago`),
  KEY `ruc_fk` (`ruc`),
  KEY `cedulausuario_fk` (`cedula_usuario`),
  CONSTRAINT `cedulausuario_fk` FOREIGN KEY (`cedula_usuario`) REFERENCES `usuario` (`cedula_usuario`),
  CONSTRAINT `ruc_fk` FOREIGN KEY (`ruc`) REFERENCES `proveedores` (`ruc`)
) ENGINE=InnoDB AUTO_INCREMENT=6 DEFAULT CHARSET=utf8;
/*!40101 SET character_set_client = @saved_cs_client */;

--
-- Dumping data for table `pago_proveedor`
--

LOCK TABLES `pago_proveedor` WRITE;
/*!40000 ALTER TABLE `pago_proveedor` DISABLE KEYS */;
INSERT INTO `pago_proveedor` VALUES (1,'1191725847001','1102588090',100.00,'23/03/2018','Pago',NULL),(2,'1191725847001','1102588090',2.00,'23/03/2018','Pago',NULL),(3,'1191725847001','1102588090',2.00,'23/03/2018','Pago',NULL),(4,'1191725847001','1102588090',12.00,'23/03/2018','Pago',NULL),(5,'1103993109001','1102588090',10.00,'23/03/2018','Pago','aiuhfiuef');
/*!40000 ALTER TABLE `pago_proveedor` ENABLE KEYS */;
UNLOCK TABLES;

--
-- Table structure for table `producto`
--

DROP TABLE IF EXISTS `producto`;
/*!40101 SET @saved_cs_client     = @@character_set_client */;
/*!40101 SET character_set_client = utf8 */;
CREATE TABLE `producto` (
  `nombre_Producto` varchar(40) NOT NULL,
  `codigo` varchar(13) NOT NULL,
  `precio_Compra` decimal(6,2) NOT NULL,
  `precio` decimal(7,2) NOT NULL,
  `ganancia` decimal(7,2) NOT NULL,
  `ganancia_Mayor` decimal(7,2) NOT NULL,
  `stock` tinyint(1) DEFAULT '1',
  `iva` varchar(3) NOT NULL,
  `id_categoria` int(3) NOT NULL,
  `precio_Mayor` decimal(7,2) DEFAULT NULL,
  `id_ubicacion` int(3) DEFAULT NULL,
  `cantidad` int(7) DEFAULT NULL,
  `cantidad_Minima` int(3) DEFAULT NULL,
  `ruc` varchar(15) DEFAULT NULL,
  `imagen_codigo` mediumblob,
  `imagen_producto` mediumblob,
  `id_bodega` int(3) DEFAULT NULL,
  PRIMARY KEY (`codigo`),
  UNIQUE KEY `nombre_Producto` (`nombre_Producto`),
  KEY `produbic_fk` (`id_ubicacion`),
  KEY `bodega_fk` (`id_bodega`),
  KEY `rucProducto_fk` (`ruc`),
  KEY `categoria_fk` (`id_categoria`),
  CONSTRAINT `bodega_fk` FOREIGN KEY (`id_bodega`) REFERENCES `bodega` (`id_bodega`),
  CONSTRAINT `categoria_fk` FOREIGN KEY (`id_categoria`) REFERENCES `categoria` (`id_categoria`),
  CONSTRAINT `produbic_fk` FOREIGN KEY (`id_ubicacion`) REFERENCES `ubicacion` (`id_ubicacion`),
  CONSTRAINT `rucProducto_fk` FOREIGN KEY (`ruc`) REFERENCES `proveedores` (`ruc`)
) ENGINE=InnoDB DEFAULT CHARSET=utf8;
/*!40101 SET character_set_client = @saved_cs_client */;

--
-- Dumping data for table `producto`
--

LOCK TABLES `producto` WRITE;
/*!40000 ALTER TABLE `producto` DISABLE KEYS */;
INSERT INTO `producto` VALUES ('ABACO DE MADERA','001043',2.65,3.50,20.00,20.00,1,'12%',1,3.50,9,0,4,'1102021464001',NULL,NULL,NULL),('PINTURA','0012',0.76,1.00,20.00,20.00,1,'12%',3,1.00,1,0,2,'1102021464001',NULL,NULL,NULL),('PINTURA DE FOMIX DEDITOS','0013',0.46,0.60,20.00,20.00,1,'12%',3,0.60,1,0,2,'1102021464001',NULL,NULL,NULL),('LAPIZ NATARAJ 4B','0014',0.30,0.40,20.00,20.00,1,'12%',4,0.40,5,0,10,'1102021464001',NULL,NULL,NULL),('PERFORADORA DE FOMIX','001433',6.44,8.50,20.00,20.00,1,'12%',6,8.50,5,2,1,'1102021464001',NULL,NULL,NULL),('LAPIZ TEKNICO HB','0015',0.38,0.50,20.00,20.00,1,'12%',4,0.50,5,0,0,'1102021464001',NULL,NULL,NULL),('LAPIZ NATARAJ 2B','0016',0.30,0.40,20.00,20.00,1,'12%',4,0.40,5,39,10,'1102021464001',NULL,NULL,NULL),('CD-RW IMATION 700MB','0017',0.95,1.25,20.00,20.00,1,'12%',2,1.25,1,4,5,'1102021464001',NULL,NULL,NULL),('CLIPS FOSKA 41MM','0020',0.11,0.15,20.00,20.00,1,'12%',5,0.15,1,1,0,'1102021464001',NULL,NULL,NULL),('ENGRAPADORA STAPLER SERIE 57','0021',2.65,3.50,20.00,20.00,1,'12%',5,3.50,1,0,0,'1102021464001',NULL,NULL,NULL),('PERFORADORA DE FIGURAS FOMIX','0022',3.03,4.00,20.00,20.00,1,'12%',5,4.00,1,0,0,'1102021464001',NULL,NULL,NULL),('BASE 10 MADERA EN BOLSO','0022822',13.64,18.00,20.00,20.00,1,'12%',1,18.00,10,4,2,'1102021464001',NULL,NULL,NULL),('PINTURA ACRILICA BOSS','0023',0.57,0.75,20.00,20.00,1,'12%',3,0.75,1,20,10,'1102021464001',NULL,NULL,NULL),('MINAS TONG XIN 0.5 COL','0024631',0.38,0.50,20.00,20.00,1,'12%',1,0.50,5,2,0,'1102021464001',NULL,NULL,NULL),('TANGRAN GRANDE','0026103',1.90,2.50,20.00,20.00,1,'12%',1,2.50,7,2,1,'1102021464001',NULL,NULL,NULL),('PUNZON DE PLATICO TIPO ESFERO','0026900',0.38,0.50,20.00,20.00,1,'12%',1,0.50,5,2,6,'1102021464001',NULL,NULL,NULL),('ESPONJA DIDACTICA BEI JIA ER','0026937',1.51,2.00,20.00,20.00,1,'12%',1,2.00,7,1,1,'1102021464001',NULL,NULL,NULL),('BASE 10 MADERA','0026993',15.15,20.00,20.00,20.00,1,'12%',1,20.00,10,4,2,'1102021464001',NULL,NULL,NULL),('LAPIZ CARIOCA 3B','0027',0.30,0.40,20.00,20.00,1,'12%',4,0.40,1,33,10,'1102021464001',NULL,NULL,NULL),('LAPIZ BIC EVOLUTION HB 2','0028',0.23,0.30,20.00,20.00,1,'12%',4,0.30,5,14,15,'1102021464001',NULL,NULL,NULL),('ESPONJAS TROQUELA','0028763',0.76,1.00,20.00,20.00,1,'12%',1,1.00,7,2,1,'1102021464001',NULL,NULL,NULL),('CAJA METALICA CUADRADA MED','0028964',1.14,1.50,20.00,20.00,1,'12%',6,1.50,1,2,0,'1102021464001',NULL,NULL,NULL),('LAPIZ BIC TRIPLUS','0029',0.38,0.50,20.00,20.00,1,'12%',4,0.50,5,18,15,'1102021464001',NULL,NULL,NULL),('PORTAMINAS JEFF','0030',0.38,0.50,20.00,20.00,1,'12%',4,0.50,5,10,5,'1102021464001',NULL,NULL,NULL),('PORTAMINAS COLGANTE','0031',0.38,0.50,20.00,20.00,1,'12%',4,0.50,5,1,0,'1102021464001',NULL,NULL,NULL),('PORTAMINAS BESTER','0032',0.38,0.50,20.00,20.00,1,'12%',4,0.50,5,0,0,'1102021464001',NULL,NULL,NULL),('PORTAMINAS LANTU LT828B','0033',0.38,0.50,20.00,20.00,1,'12%',4,0.50,5,0,0,'1102021464001',NULL,NULL,NULL),('PORTAMINAS JEFF LP832','0034',0.38,0.50,20.00,20.00,1,'12%',4,0.50,5,26,15,'1102021464001',NULL,NULL,NULL),('LAPIZ ARTESCO HB','0035',0.23,0.30,20.00,20.00,1,'12%',4,0.30,5,64,5,'1102021464001',NULL,NULL,NULL),('LAPIZ ARTESCO 2B','0036',0.23,0.30,20.00,20.00,1,'12%',4,0.30,5,37,5,'1102021464001',NULL,NULL,NULL),('LAPIZ BICOLOR BIC FINO','0037',0.23,0.30,20.00,20.00,1,'12%',4,0.30,5,9,5,'1102021464001',NULL,NULL,NULL),('LAPIZ BICOLOR ARTESCO FINO','0038',0.38,0.50,20.00,20.00,1,'12%',4,0.50,5,44,5,'1102021464001',NULL,NULL,NULL),('LAPIZ FABER CASTELL BICOLOR FINO','0039',0.57,0.75,20.00,20.00,1,'12%',4,0.75,5,13,2,'1102021464001',NULL,NULL,NULL),('LAPIZ ARTEL FIGURAS','0040',0.38,0.50,20.00,20.00,1,'12%',4,0.50,5,0,10,'1102021464001',NULL,NULL,NULL),('ESFERO BIC PUNTA GRUESA NEGRO','0041',0.23,0.30,20.00,20.00,1,'12%',4,0.30,5,304,10,'1102021464001',NULL,NULL,NULL),('ESFERO BIC PUNTA GRUESA ROJO','0042',0.23,0.30,20.00,20.00,1,'12%',4,0.30,5,362,10,'1102021464001',NULL,NULL,NULL),('ESFERO BIC PUNTA GRUESA AZUL','0043',0.23,0.30,20.00,20.00,1,'12%',4,0.30,5,567,10,'1102021464001',NULL,NULL,NULL),('ESFERO BIC PUNTA FINA NEGRO','0044',0.27,0.35,20.00,20.00,1,'12%',4,0.35,5,569,15,'1102021464001',NULL,NULL,NULL),('ESFERO BIC PUNTA FINA ROJO','0045',0.27,0.35,20.00,20.00,1,'12%',4,0.35,5,321,15,'1102021464001',NULL,NULL,NULL),('ESFERO BIC PUNTA FINA AZUL','0046',0.27,0.35,20.00,20.00,1,'12%',4,0.35,5,774,15,'1102021464001',NULL,NULL,NULL),('LUPA GLASS 50MM','0047',0.38,0.50,20.00,20.00,1,'12%',1,0.50,1,1,0,'1102021464001',NULL,NULL,NULL),('LAPIZ STAEDTLER NORICA HB 2','0048',0.19,0.25,20.00,20.00,1,'12%',4,0.25,5,370,10,'1102021464001',NULL,NULL,NULL),('LAPIZ RECARGABLE LANTU','0049',0.30,0.40,20.00,20.00,1,'12%',4,0.40,5,23,0,'1102021464001',NULL,NULL,NULL),('PAQ CARTULINA BRISTOL 15','0050',0.38,0.50,20.00,20.00,1,'12%',1,0.50,6,142,25,'1102021464001',NULL,NULL,NULL),('ESFERO GIGANTE FIGURAS','0051',0.76,1.00,20.00,20.00,1,'12%',4,1.00,5,2,0,'1102021464001',NULL,NULL,NULL),('BORRADOR CARRO','0052',0.38,0.50,20.00,20.00,1,'12%',1,0.50,5,9,0,'1102021464001',NULL,NULL,NULL),('SACAPUNTAS MANZANA','0053',0.57,0.75,20.00,20.00,1,'12%',1,0.75,5,9,0,'1102021464001',NULL,NULL,NULL),('BORRADOR OVALADO','0054',0.30,0.30,20.00,20.00,1,'12%',1,0.30,5,41,0,'1102021464001',NULL,NULL,NULL),('SACAPUNTAS ARTICREATIVO','0055',0.30,0.40,20.00,20.00,1,'12%',1,0.40,5,15,2,'1102021464001',NULL,NULL,NULL),('SACAPUNTAS METALICO UN SERVICIO','0056',0.23,0.30,20.00,20.00,1,'12%',1,0.30,5,521,20,'1102021464001',NULL,NULL,NULL),('SACAPUNTAS METALICO DOBRE USO','0057',0.38,0.50,20.00,20.00,1,'12%',1,0.50,5,243,10,'1102021464001',NULL,NULL,NULL),('SACAPUNTAS FORMA DADO','0058',0.46,0.60,20.00,20.00,1,'12%',1,0.60,5,2,10,'1102021464001',NULL,NULL,NULL),('PUNZON DE MADERA','0059',0.38,0.50,20.00,20.00,1,'12%',1,0.50,5,45,10,'1102021464001',NULL,NULL,NULL),('GRAPAS STAPLES 26/6 5000PCS','0060',0.57,0.75,20.00,20.00,1,'12%',5,0.75,1,4,0,'1102021464001',NULL,NULL,NULL),('CLIP MARIPOSA CRYSTAL 100PCS','0061',1.02,1.35,20.00,20.00,1,'12%',5,1.35,1,5,0,'1102021464001',NULL,NULL,NULL),('MARCADOR FOMIX CIRCOLOR','0062',0.76,1.00,20.00,20.00,1,'12%',4,1.00,5,12,5,'1102021464001',NULL,NULL,NULL),('MARCADOR FOMIX LAYCONSA','0063',0.76,1.00,20.00,20.00,1,'12%',4,1.00,5,3,0,'1102021464001',NULL,NULL,NULL),('ESCARCHA CARIOCA 250GR','0064',3.22,4.25,20.00,20.00,1,'12%',6,4.25,3,5,2,'1102021464001',NULL,NULL,NULL),('CAJA CLIPS ROSARY X100','0066',0.38,0.50,20.00,20.00,1,'12%',5,0.50,1,10,0,'1102021464001',NULL,NULL,NULL),('CLIP MARIPOSA PLAEADO','0067',0.42,0.55,20.00,20.00,1,'12%',5,0.55,1,6,0,'1102021464001',NULL,NULL,NULL),('PINZAS GIGANTE REDONDO','0068',1.14,1.50,20.00,20.00,1,'12%',6,1.50,3,28,2,'1102021464001',NULL,NULL,NULL),('LAMINA PORTA OBJETOS UNIDAD','0069',0.38,0.50,20.00,20.00,1,'12%',1,0.50,1,100,10,'1102021464001',NULL,NULL,NULL),('PINZAS MISHU 24PCS','0071',0.95,1.25,20.00,20.00,1,'12%',6,1.25,3,1,0,'1102021464001',NULL,NULL,NULL),('PORTAMINAS BIC ATLANTIS','0072',1.32,1.75,20.00,20.00,1,'12%',4,1.75,5,15,10,'1102021464001',NULL,NULL,NULL),('LAPIZ CARIOCA 4H','0073',0.30,0.40,20.00,20.00,1,'12%',4,0.40,5,33,10,'1102021464001',NULL,NULL,NULL),('PORTA ESFEREOS','0074',1.90,2.50,20.00,20.00,1,'12%',5,2.50,1,1,0,'1102021464001',NULL,NULL,NULL),('DISPENSADOR DE CLIPS','0075',0.76,1.00,20.00,20.00,1,'12%',5,1.00,1,3,0,'1102021464001',NULL,NULL,NULL),('CAUTIN','0076',3.03,4.00,20.00,20.00,1,'12%',6,4.00,1,1,0,'1102021464001',NULL,NULL,NULL),('MULTIMETRO DT-830B','0077',3.79,5.00,20.00,20.00,1,'12%',1,5.00,1,1,0,'1102021464001',NULL,NULL,NULL),('DISPENSADOR DE ALFILERES','0078',0.76,1.00,20.00,20.00,1,'12%',5,1.00,1,11,0,'1102021464001',NULL,NULL,NULL),('LAPIZ CARBONCILLO GOLD-HORSE','0079',0.57,0.75,20.00,20.00,1,'12%',4,0.75,5,69,10,'1102021464001',NULL,NULL,NULL),('PORTAMINAS BEIFA ','0080',0.19,0.25,20.00,20.00,1,'12%',4,0.25,5,9,0,'1102021464001',NULL,NULL,NULL),('ESFERO POINTER 4 COLORES','0081',0.76,1.00,20.00,20.00,1,'12%',4,1.00,5,2,0,'1102021464001',NULL,NULL,NULL),('MARCADOR COMPACTOR','0082',0.19,0.25,20.00,20.00,1,'12%',4,0.25,5,8,0,'1102021464001',NULL,NULL,NULL),('PUNZON PLASTICO EVAFLEX','0083',0.38,0.50,20.00,20.00,1,'12%',1,0.50,5,2,1,'1102021464001',NULL,NULL,NULL),('PLASTILINA MOLDEABLE NORMA','0084',1.51,2.00,20.00,20.00,1,'12%',1,2.00,5,3,6,'1102021464001',NULL,NULL,NULL),('LAPIZ APRENDE 6B','0085',0.42,0.55,20.00,20.00,1,'12%',4,0.55,5,8,0,'1102021464001',NULL,NULL,NULL),('TINTA PARA SELLO SNOWMAN','0086',1.90,2.50,20.00,20.00,1,'12%',1,2.50,5,1,0,'1102021464001',NULL,NULL,NULL),('PLASTILINA PLAY-DOH','0087',1.14,1.50,20.00,20.00,1,'12%',1,1.50,5,2,6,'1102021464001',NULL,NULL,NULL),('CINTA DE AGUA GRANDE CELINA','0088',1.21,1.60,20.00,20.00,1,'12%',6,1.60,1,13,6,'1102021464001',NULL,NULL,NULL),('CINTA DE AGUA GRANDE PRINCESS','0089',1.21,1.60,20.00,20.00,1,'12%',6,1.60,1,7,6,'1102021464001',NULL,NULL,NULL),('CINTA DE AGUA GRANDE CINTELA','0090',1.21,1.60,20.00,20.00,1,'12%',6,1.60,1,9,6,'1102021464001',NULL,NULL,NULL),('CINTA DE AGUA MEDIANA CELESTE','0091',0.57,0.75,20.00,20.00,1,'12%',6,0.75,1,7,6,'1102021464001',NULL,NULL,NULL),('CINTA DE AGUA MEDIANA ','0092',0.57,0.75,20.00,20.00,1,'12%',6,0.75,1,4,6,'1102021464001',NULL,NULL,NULL),('CINTA PEQUEÑA DE AGUA ','0093',0.38,0.50,20.00,20.00,1,'12%',6,0.50,1,5,6,'1102021464001',NULL,NULL,NULL),('BORRADOR ARTESCO CON ESCOBILLA','0094',0.57,0.75,20.00,20.00,1,'12%',1,0.75,5,5,4,'1102021464001',NULL,NULL,NULL),('BORRADOR LARGO DE PISARRA CARIOCA','0096',0.76,1.00,20.00,20.00,1,'12%',1,1.00,1,4,4,'1102021464001',NULL,NULL,NULL),('BORRADOR DE PIZARRA CON IMAN SNOWMAN','0097',1.89,2.50,20.00,20.00,1,'12%',1,2.50,1,19,4,'1102021464001',NULL,NULL,NULL),('BORRADOR SIGMA','0098',0.95,1.25,20.00,20.00,1,'12%',1,1.25,1,10,4,'1102021464001',NULL,NULL,NULL),('LEGO  ABESEDARIO','0099',4.92,6.50,20.00,20.00,1,'12%',1,6.50,7,1,2,'1102021464001',NULL,NULL,NULL),('LEGOS VOCALES','0100',1.51,2.00,20.00,20.00,1,'12%',1,2.00,7,4,2,'1102021464001',NULL,NULL,NULL),('PISARRA PLASTICA ROJA ELEFANTE','0101',2.84,3.75,20.00,20.00,1,'12%',1,3.75,7,2,1,'1102021464001',NULL,NULL,NULL),('ENHEBRADOR SIGMA DE ZAPATO','0102',2.27,3.00,20.00,20.00,1,'12%',1,3.00,7,4,2,'1102021464001',NULL,NULL,NULL),('ENHEBRADOR DE FIGURAS','0103',3.41,4.50,20.00,20.00,1,'12%',1,4.50,7,1,1,'1102021464001',NULL,NULL,NULL),('TINTA EPSON 644 NEGRA','010343885295',8.75,11.55,20.00,20.00,1,'12%',2,11.55,2,2,1,'1191725847001',NULL,NULL,NULL),('TINTA EPSON 644 AZUL','010343885301',9.09,12.00,20.00,20.00,1,'12%',2,12.00,2,4,1,'1191725847001',NULL,NULL,NULL),('TINTA EPSON 644 ROJA','010343885318',9.09,12.00,20.00,20.00,1,'12%',2,12.00,2,3,1,'1191725847001',NULL,NULL,NULL),('TINTA EPSON 644 AMARILLA','010343885325',9.09,12.00,20.00,20.00,1,'12%',2,12.00,2,5,1,'1191725847001',NULL,NULL,NULL),('PLANTADO FIGURA GEOMETRICA','0104',7.20,9.50,20.00,20.00,1,'12%',1,9.50,7,1,1,'1102021464001',NULL,NULL,NULL),('VOCALES PLASTICAS PEQ','0105',0.76,1.00,20.00,20.00,1,'12%',1,1.00,7,8,3,'1102021464001',NULL,NULL,NULL),('DOMINO DE MADERA','0106',7.58,10.00,20.00,20.00,1,'12%',1,10.00,7,4,1,'1102021464001',NULL,NULL,NULL),('TANGRAM DE MADERA','0107',1.32,1.75,20.00,20.00,1,'12%',1,1.75,7,8,6,'1102021464001',NULL,NULL,NULL),('ABACO CON RELOJ 2','0108',1.90,2.50,20.00,20.00,1,'12%',1,2.50,2,1,0,'1102021464001',NULL,NULL,NULL),('ABACO UNIDADES','0109',5.68,7.50,20.00,20.00,1,'12%',1,7.50,10,11,1,'1102021464001',NULL,NULL,NULL),('MINAS STABILO 0.5 H','0110',0.38,0.50,20.00,20.00,1,'12%',1,0.50,5,16,6,'1102021464001',NULL,NULL,NULL),('MINAS ERASABLE 0.5 MM COLORES','0111',0.38,0.50,20.00,20.00,1,'12%',1,0.50,5,26,0,'1102021464001',NULL,NULL,NULL),('MINAS 0.7 30PCS','0112',0.19,0.25,20.00,20.00,1,'12%',1,0.25,5,12,1,'1102021464001',NULL,NULL,NULL),('ABACO DE PLASTICO NUMEROS','0113',2.50,3.30,20.00,20.00,1,'12%',1,3.30,7,1,1,'1102021464001',NULL,NULL,NULL),('TANGRAN DE NUMEROS','0114',3.03,4.00,20.00,20.00,1,'12%',1,4.00,7,1,1,'1102021464001',NULL,NULL,NULL),('CUBOS DE MADERA ABC','0115',2.65,3.50,20.00,20.00,1,'12%',1,3.50,7,4,1,'1102021464001',NULL,NULL,NULL),('BICICLETA ARMABLE ','0116',2.27,3.00,20.00,20.00,1,'12%',1,3.00,7,1,1,'1102021464001',NULL,NULL,NULL),('CUBO DE MADERA GRANDE','0117',6.82,9.00,20.00,20.00,1,'12%',1,9.00,7,1,1,'1102021464001',NULL,NULL,NULL),('JUEGOS DE LETRAS DE ENSARTAR','0118',2.84,3.75,20.00,20.00,1,'12%',1,3.75,7,1,1,'1102021464001',NULL,NULL,NULL),('PINCEL FINO 0','0119',0.19,0.25,20.00,20.00,1,'12%',1,0.25,6,16,10,'1102021464001',NULL,NULL,NULL),('PINCEL FINO 6','0120',0.19,0.25,20.00,20.00,1,'12%',1,0.25,6,143,20,'1102021464001',NULL,NULL,NULL),('PINCEL FINO 2','0121',0.19,0.25,20.00,20.00,1,'12%',1,0.25,6,56,20,'1102021464001',NULL,NULL,NULL),('PINCEL FINO 4','0122',0.19,0.25,20.00,20.00,1,'12%',1,0.25,6,68,20,'1102021464001',NULL,NULL,NULL),('PINCEL FINO 8','0123',0.38,0.50,20.00,20.00,1,'12%',1,0.50,6,170,20,'1102021464001',NULL,NULL,NULL),('ESFERO ROSA FRESITA','012380',0.42,0.55,20.00,20.00,1,'12%',4,0.55,5,16,2,'1102021464001',NULL,NULL,NULL),('PINCEL FINO 10','0124',0.38,0.50,20.00,20.00,1,'12%',1,0.50,6,172,20,'1102021464001',NULL,NULL,NULL),('PINCEL FINO 12','0125',0.57,0.75,20.00,20.00,1,'12%',1,0.75,6,29,20,'1102021464001',NULL,NULL,NULL),('PINCEL FINO 14','0126',0.57,0.75,20.00,20.00,1,'12%',1,0.75,6,9,20,'1102021464001',NULL,NULL,NULL),('PINCEL FINO 16','0127',0.57,0.75,20.00,20.00,1,'12%',1,0.75,6,57,20,'1102021464001',NULL,NULL,NULL),('PINCEL FINO 18','0128',0.57,0.75,20.00,20.00,1,'12%',1,0.75,6,44,20,'1102021464001',NULL,NULL,NULL),('PINCEL FINO 20','0129',0.76,1.00,20.00,20.00,1,'12%',1,1.00,6,54,20,'1102021464001',NULL,NULL,NULL),('PINCEL FINO 24','0130',0.76,1.00,20.00,20.00,1,'12%',1,1.00,6,102,20,'1102021464001',NULL,NULL,NULL),('PINCEL REDONDO 5','0131',0.19,0.25,20.00,20.00,1,'12%',1,0.25,6,41,20,'1102021464001',NULL,NULL,NULL),('PINCEL REDONDO 1','0132',0.19,0.25,20.00,20.00,1,'12%',1,0.25,6,37,20,'1102021464001',NULL,NULL,NULL),('PINCEL REDONDO 4','0133',0.19,0.25,20.00,20.00,1,'12%',1,0.25,6,37,20,'1102021464001',NULL,NULL,NULL),('PINCEL REDONDO 8','0134',0.38,0.50,20.00,20.00,1,'12%',1,0.50,6,32,20,'1102021464001',NULL,NULL,NULL),('PINCEL REDONDO 2','0135',0.19,0.25,20.00,20.00,1,'12%',1,0.25,6,10,20,'1102021464001',NULL,NULL,NULL),('PINCEL REDONDO 6','0136',0.19,0.25,20.00,20.00,1,'12%',1,0.25,6,9,20,'1102021464001',NULL,NULL,NULL),('PINCEL REDONDO 7','0137',0.19,0.25,20.00,20.00,1,'12%',1,0.25,6,10,20,'1102021464001',NULL,NULL,NULL),('PINCEL REDONDO 3','0138',0.19,0.25,20.00,20.00,1,'12%',1,0.25,6,10,20,'1102021464001',NULL,NULL,NULL),('CARTUCHO CANON 240 NEGRO','013803134964',30.30,40.00,20.00,20.00,1,'12%',2,40.00,2,1,1,'1191725847001',NULL,NULL,NULL),('CARTUCHO CANON 241 COLOR','013803134988',34.09,45.00,20.00,20.00,1,'12%',2,45.00,2,2,1,'1191725847001',NULL,NULL,NULL),('CARTUCHO CANON 210 NEGRO','013803215014',18.94,25.00,20.00,20.00,1,'12%',2,25.00,2,2,1,'1191725847001',NULL,NULL,NULL),('CARTUCHO CANON 211 COLOR','013803215038',20.45,27.00,20.00,20.00,1,'12%',2,27.00,2,2,1,'1191725847001',NULL,NULL,NULL),('PANDERETA TOYS','0139',1.52,2.01,20.00,20.00,1,'12%',1,2.01,6,12,20,'1102021464001',NULL,NULL,NULL),('MOLDES PARA FLORES ARTIFICIALES','0140',3.79,5.00,20.00,20.00,1,'12%',1,5.00,6,3,1,'1102021464001',NULL,NULL,NULL),('MOLDIX KALOS ','0141',7.57,10.00,20.00,20.00,1,'12%',1,10.00,7,3,1,'1102021464001',NULL,NULL,NULL),('MOLDIX CRISANTE','0142',5.68,7.50,20.00,20.00,1,'12%',1,7.50,7,3,0,'1102021464001',NULL,NULL,NULL),('PINCEL DELINEADOR CELINA','0143',0.38,0.50,20.00,20.00,1,'12%',1,0.50,6,67,12,'1102021464001',NULL,NULL,NULL),('ABACO SIGMA 2','0144',2.65,3.50,20.00,20.00,1,'12%',1,3.50,2,1,1,'1102021464001',NULL,NULL,NULL),('abaco4','0145',5.68,7.50,20.00,20.00,1,'12%',1,7.50,7,6,1,'1102021464001',NULL,NULL,NULL),('MOLDIX PETALOX','0146',7.57,10.00,20.00,20.00,1,'12%',1,10.00,7,1,0,'1102021464001',NULL,NULL,NULL),('ROMPECABEZAS GRANDE','0147',3.03,4.00,20.00,20.00,1,'12%',1,4.00,7,19,10,'1102021464001',NULL,NULL,NULL),('ROMPECABEZAS MED 17PCS','0148',2.08,2.75,20.00,20.00,1,'12%',1,2.75,7,19,10,'1102021464001',NULL,NULL,NULL),('ROMPECABEZA PP-06','0150',1.90,2.50,20.00,20.00,1,'12%',1,2.50,5,1,0,'1102021464001',NULL,NULL,NULL),('ROMPECABEZAS RESALTADO','0151',3.22,4.25,20.00,20.00,1,'12%',1,4.25,5,2,2,'1102021464001',NULL,NULL,NULL),('ROMPECABEZAS LARGO GEOM','0152',1.89,2.50,20.00,20.00,1,'12%',1,2.50,7,5,5,'1102021464001',NULL,NULL,NULL),('ROMPECABEZAS PEQUEÑO','0153',1.14,1.50,20.00,20.00,1,'12%',1,1.50,5,3,3,'1102021464001',NULL,NULL,NULL),('ROMPECABEZAS MINI','0154',0.76,1.00,20.00,20.00,1,'12%',1,1.00,7,4,4,'1102021464001',NULL,NULL,NULL),('ABACO GRANDE KOER','0155',13.64,18.00,20.00,20.00,1,'12%',1,18.00,9,3,1,'1102021464001',NULL,NULL,NULL),('CAJA DE NUMEROS DE MADERA','0156',3.41,4.50,20.00,20.00,1,'12%',1,4.50,7,1,0,'1102021464001',NULL,NULL,NULL),('qweqwe','0157',2.65,3.50,20.00,20.00,1,'12%',1,3.50,7,1,0,'1102021464001',NULL,NULL,NULL),('CARTULINA HILO A4','0158',0.07,0.10,20.00,20.00,1,'12%',1,0.10,6,100,100,'1102021464001',NULL,NULL,NULL),('ROMPECABEZAS PINTADO','0159',3.79,5.00,20.00,20.00,1,'12%',1,5.00,7,21,5,'1102021464001',NULL,NULL,NULL),('COLA BLANCA PEQ BIOPLAST','0160',0.27,0.35,20.00,20.00,1,'12%',1,0.35,7,4,0,'1102021464001',NULL,NULL,NULL),('TINTA PARA IMPRESORA','0161',1.70,2.25,20.00,20.00,1,'12%',1,2.25,5,5,2,'1102021464001',NULL,NULL,NULL),('TINTA PARA IMPRESORA GAMA TECH','0162',1.70,2.25,20.00,20.00,1,'12%',1,2.25,5,2,1,'1102021464001',NULL,NULL,NULL),('ROLLO DE PAPEL PARA SUMADORA','0163',0.38,0.50,20.00,20.00,1,'12%',1,0.50,5,3,5,'1102021464001',NULL,NULL,NULL),('TINTA PARA IMPRESORA AMARILLO','0164',2.65,3.50,20.00,20.00,1,'12%',1,3.50,5,1,0,'1102021464001',NULL,NULL,NULL),('JUEGOS DIDACTICOS ESCOLAR','0165',6.44,8.50,20.00,20.00,1,'12%',1,8.50,7,1,0,'1102021464001',NULL,NULL,NULL),('CARTULINA BLANCA A3 BRISTOL','0166',0.07,0.10,20.00,20.00,1,'12%',1,0.10,8,520,20,'1102021464001',NULL,NULL,NULL),('CARTULINA A3 IRIS COL','0167',0.11,0.15,20.00,20.00,1,'12%',1,0.15,8,34,20,'1102021464001',NULL,NULL,NULL),('CARTULINA ING A3','0168',0.19,0.25,20.00,20.00,1,'12%',1,0.25,8,12,5,'1102021464001',NULL,NULL,NULL),('ESCARCHA FRASCO 1','0169',0.38,0.50,20.00,20.00,1,'12%',6,0.50,7,3,0,'1102021464001',NULL,NULL,NULL),('HOJAS PERF PEQ 4L ESCRIBE 50H','0170',0.27,0.35,20.00,20.00,1,'12%',1,0.35,7,26,15,'1102021464001',NULL,NULL,NULL),('HOJA PERF 1L PEQ 50H ESCRIBE','0171',0.27,0.35,20.00,20.00,1,'12%',1,0.35,7,20,10,'1102021464001',NULL,NULL,NULL),('HOJAS PERF PEQ 1L ESCRIBE','0172',0.27,0.35,20.00,20.00,1,'12%',1,0.35,7,16,10,'1102021464001',NULL,NULL,NULL),('HOJAS PERF PEQ CUAD ESCRIBE','0173',0.27,0.35,20.00,20.00,1,'12%',1,0.35,7,16,20,'1102021464001',NULL,NULL,NULL),('FLAUTA EN FUNDA','0174',1.14,1.50,20.00,20.00,1,'12%',1,1.50,8,9,5,'1102021464001',NULL,NULL,NULL),('FLAUTA YAMAHA','0175',4.92,6.50,20.00,20.00,1,'12%',1,6.50,8,1,0,'1102021464001',NULL,NULL,NULL),('FLAUTA CON PARTITURA','0176',4.54,6.00,20.00,20.00,1,'12%',1,6.00,8,1,0,'1102021464001',NULL,NULL,NULL),('PANDERETA VERDE','0177',0.76,1.00,20.00,20.00,1,'12%',7,1.00,7,2,1,'1102021464001',NULL,NULL,NULL),('TEMPERA LION','0178',2.27,3.00,20.00,20.00,1,'12%',1,3.00,3,25,19,'1102021464001',NULL,NULL,NULL),('ESTILETE BIC GRUESO','0179',1.36,1.80,20.00,20.00,1,'12%',4,1.80,5,15,5,'1102021464001',NULL,NULL,NULL),('ENHEBRADOR SIGMA','017905',2.27,3.00,20.00,20.00,1,'12%',1,3.00,7,15,5,'1102021464001',NULL,NULL,NULL),('CARTULINA HILO ROSADA','0180',0.07,0.10,20.00,20.00,1,'12%',1,0.10,10,103,10,'1102021464001',NULL,NULL,NULL),('CARTULINA HILO CELESTE','0181',0.07,0.10,20.00,20.00,1,'12%',1,0.10,10,105,10,'1102021464001',NULL,NULL,NULL),('CARTULINA COLOR PIEL NORMAL','0182',0.07,0.10,20.00,20.00,1,'12%',1,0.10,10,81,10,'1102021464001',NULL,NULL,NULL),('CARTULINA HILO COLOR ROJO','0183',0.07,0.10,20.00,20.00,1,'12%',1,0.10,10,71,10,'1102021464001',NULL,NULL,NULL),('CARTULINA HILO CREMA','0184',0.07,0.10,20.00,20.00,1,'12%',1,0.10,10,77,10,'1102021464001',NULL,NULL,NULL),('CARTULINA HILO NARANJA','0185',0.07,0.10,20.00,20.00,1,'12%',1,0.10,10,73,10,'1102021464001',NULL,NULL,NULL),('CARTULINA HILO VERDE','0186',0.07,0.10,20.00,20.00,1,'12%',1,0.10,10,61,10,'1102021464001',NULL,NULL,NULL),('CARTULINA HILO AMARILLA','0187',0.07,0.10,20.00,20.00,1,'12%',1,0.10,10,9,10,'1102021464001',NULL,NULL,NULL),('CARTULINA RESALTADA VARIOS COLORES','0188',0.11,0.15,20.00,20.00,1,'12%',1,0.15,10,48,10,'1102021464001',NULL,NULL,NULL),('CARTULINA DIPLOMA','0189',0.15,0.20,20.00,20.00,1,'12%',1,0.20,10,20,10,'1102021464001',NULL,NULL,NULL),('CARTULINA NORMAL VERDE OBSCURO','0190',0.07,0.10,20.00,20.00,1,'12%',1,0.10,10,22,10,'1102021464001',NULL,NULL,NULL),('CARTULINA CANSON','0191',0.30,0.40,20.00,20.00,1,'12%',1,0.40,10,48,10,'1102021464001',NULL,NULL,NULL),('CARTULINA BLANCA TARJETA','0192',0.07,0.10,20.00,20.00,1,'12%',1,0.10,10,31,0,'1102021464001',NULL,NULL,NULL),('CARTULINA TARJETA CREMA','0193',0.23,0.30,20.00,20.00,1,'12%',1,0.30,10,24,0,'1102021464001',NULL,NULL,NULL),('CARTULINA TARJETA ROSADA','0194',0.11,0.15,20.00,20.00,1,'12%',1,0.15,10,33,0,'1102021464001',NULL,NULL,NULL),('CARTULINA TARJETA ROSADA ESMALTADA','0195',0.19,0.25,20.00,20.00,1,'12%',1,0.25,10,36,0,'1102021464001',NULL,NULL,NULL),('CARTULINA TARJETA DORADA ESMALTADA','0196',0.19,0.25,20.00,20.00,1,'12%',1,0.25,10,33,0,'1102021464001',NULL,NULL,NULL),('CARTULINA IRIS','0197',0.57,0.75,20.00,20.00,1,'12%',1,0.75,8,170,20,'1102021464001',NULL,NULL,NULL),('CARTULINA NEGRA','0198',0.07,0.10,20.00,20.00,1,'12%',1,0.10,8,559,20,'1102021464001',NULL,NULL,NULL),('CARTULINA ROJA','0199',0.07,0.10,20.00,20.00,1,'12%',1,0.10,8,58,20,'1102021464001',NULL,NULL,NULL),('CARPETA TIPO SOBRE KINARY TRANS','0200',0.49,0.65,20.00,20.00,1,'12%',1,0.65,10,2,0,'1102021464001',NULL,NULL,NULL),('PAPEL FOTOGRAFICO UNIDAD','0201',0.23,0.30,20.00,20.00,1,'12%',2,0.30,8,17,2,'1102021464001',NULL,NULL,NULL),('MARCADOR MICROPOROSO VIKINGO','0202',0.76,1.00,20.00,20.00,1,'12%',4,1.00,5,8,2,'1102021464001',NULL,NULL,NULL),('CERTIFICADO MEDICO','0203',0.42,0.50,20.00,20.00,1,'0%',5,0.50,8,19,2,'1102021464001',NULL,NULL,NULL),('CARTON MAQUETA','0204',0.38,0.50,20.00,20.00,1,'12%',5,0.50,8,9,1,'1102021464001',NULL,NULL,NULL),('ESCARCHA FRASCO GRANDE','0205',0.76,1.00,20.00,20.00,1,'12%',1,1.00,7,15,2,'1102021464001',NULL,NULL,NULL),('ESCARCHA FRASCO PEQ','0206',0.19,0.25,20.00,20.00,1,'12%',1,0.25,7,21,5,'1102021464001',NULL,NULL,NULL),('MARCADORES CARIOCA FOMIX','0207',0.76,1.00,20.00,20.00,1,'12%',4,1.00,5,3,3,'1102021464001',NULL,NULL,NULL),('ESCARCHA BLANCA PEQ','0208',0.38,0.50,20.00,20.00,1,'12%',4,0.50,7,6,2,'1102021464001',NULL,NULL,NULL),('HOJA MILIMIETRADA ','0209',0.04,0.05,20.00,20.00,1,'12%',1,0.05,8,45,10,'1102021464001',NULL,NULL,NULL),('HOJASL MILIMETRADAS 25H','0210',0.95,1.25,20.00,20.00,1,'12%',1,1.25,8,25,10,'1102021464001',NULL,NULL,NULL),('HOJASL MILIMETRADAS 50H','0211',1.90,2.50,20.00,20.00,1,'12%',1,2.50,8,40,10,'1102021464001',NULL,NULL,NULL),('SACAPUNTAS ARTESCO RECOLECTOR','0212',0.38,0.50,20.00,20.00,1,'12%',1,0.50,5,11,15,'1102021464001',NULL,NULL,NULL),('ESFERO PAPER MATE KILOM ','0213',0.19,0.25,20.00,20.00,1,'12%',1,0.25,5,11,0,'1102021464001',NULL,NULL,NULL),('BOLIGRAFO OSMAR ESCARCHADO','0214',1.90,2.50,20.00,20.00,1,'12%',1,2.50,2,25,10,'1102021464001',NULL,NULL,NULL),('PINTURA TEXTIL FASHION GOLDEN','028995254031',1.36,1.80,20.00,20.00,1,'12%',3,1.80,5,2,0,'1102021464001',NULL,NULL,NULL),('PINTURA TEXTIL GREEN','028995254062',1.36,1.80,20.00,20.00,1,'12%',3,1.80,5,1,0,'1102021464001',NULL,NULL,NULL),('PINTURA ACRILICA LILA PALMER','047138170809',1.14,1.50,20.00,20.00,1,'12%',3,1.50,1,2,1,'1102021464001',NULL,NULL,NULL),('PINTURA ACRILICA VERDE PALMER','047138172001',1.14,1.50,20.00,20.00,1,'12%',3,1.50,1,4,1,'1102021464001',NULL,NULL,NULL),('CD-R IMATION 700MB','051122166273',0.60,0.80,20.00,20.00,1,'12%',2,0.80,1,9,5,'1102021464001',NULL,NULL,NULL),('SILICONA LIQ ESTILO 250ML','0609010004571',1.32,1.75,20.00,20.00,1,'12%',1,1.75,7,3,2,'1102021464001',NULL,NULL,NULL),('RESALTADOR BIC AMARILLO','070330340497',0.56,0.75,20.00,20.00,1,'12%',1,0.75,5,3,1,'1102021464001',NULL,NULL,NULL),('RESALTADOR BIC ANARANJADO','070330340503',0.76,1.00,20.00,20.00,1,'12%',1,1.00,5,11,11,'1102021464001',NULL,NULL,NULL),('RESALTADOR BIC ROSADO','070330340510',0.76,1.00,20.00,20.00,1,'12%',1,1.00,5,7,11,'1102021464001',NULL,NULL,NULL),('PINTURA BIC KIDS LARGA 12 COL','070330411982',1.71,2.25,20.00,20.00,1,'12%',3,2.25,1,1,0,'1102021464001',NULL,NULL,NULL),('CORRECTOR BIC','070330506923',1.32,1.75,20.00,20.00,1,'12%',4,1.75,5,6,12,'1102021464001',NULL,NULL,NULL),('GOMA EN BARRA BIC PEQ','070330515390',0.76,1.00,20.00,20.00,1,'12%',1,1.00,5,12,10,'1102021464001',NULL,NULL,NULL),('GOMA EN BARRA BIC MED','070330515406',0.95,1.25,20.00,20.00,1,'12%',1,1.25,5,10,11,'1102021464001',NULL,NULL,NULL),('PORTAMINAS PLANETZ','072512160534',0.38,0.50,20.00,20.00,1,'12%',4,0.50,5,10,0,'1102021464001',NULL,NULL,NULL),('CERA PARA CONTAR BILLETES','084417101345',1.14,1.50,20.00,20.00,1,'12%',5,1.50,1,3,0,'1102021464001',NULL,NULL,NULL),('TECLADO GENIUS KB-110X','091163235965',7.20,9.50,20.00,20.00,1,'12%',2,9.50,2,1,1,'1191725847001',NULL,NULL,NULL),('TECLADO GENIUS KB-8000X','091163248729',13.64,18.00,20.00,20.00,1,'12%',2,18.00,2,1,1,'1191725847001',NULL,NULL,NULL),('LAPICEROS ESCARCHADOS GEMA 6 COL','1001',1.32,1.75,20.00,20.00,1,'12%',4,1.75,1,30,5,'1102021464001',NULL,NULL,NULL),('CARATULAS GRANDES M UNIDA','1023',0.15,0.20,20.00,20.00,1,'12%',1,0.20,8,31,10,'1102021464001',NULL,NULL,NULL),('PAPEL IRIS','1100',0.38,0.50,20.00,20.00,1,'12%',1,0.50,8,17,5,'1102021464001',NULL,NULL,NULL),('REGISTRO ESCOLAR COLEGIO','1102',2.08,2.75,20.00,20.00,1,'12%',1,2.75,10,14,5,'1102021464001',NULL,NULL,NULL),('REGISTRO ESCOLAR ESCUELA','1103',2.08,2.75,20.00,20.00,1,'12%',1,2.75,10,25,5,'1102021464001',NULL,NULL,NULL),('TABLA PEQUEÑA','1105',0.11,0.15,20.00,20.00,1,'12%',1,0.15,10,7,5,'1102021464001',NULL,NULL,NULL),('CARPETA CON HILO','1106',0.57,0.75,20.00,20.00,1,'12%',1,0.75,10,7,0,'1102021464001',NULL,NULL,NULL),('MANGUERA ','11321432456',12.00,14.40,20.00,10.00,1,'0%',2,13.20,2,34,12,'1102021464001',NULL,NULL,NULL),('CARATULA GRANDE DE HOMBRE 4U','1201',0.57,0.75,20.00,20.00,1,'12%',1,0.75,8,3,10,'1102021464001',NULL,NULL,NULL),('CARATULA GRANDE DE HOMBRE 8U','1202',1.14,1.50,20.00,20.00,1,'12%',1,1.50,8,4,10,'1102021464001',NULL,NULL,NULL),('CARATULA GRANDE H UNIDAD','1203',0.15,0.20,20.00,20.00,1,'12%',1,0.20,8,16,10,'1102021464001',NULL,NULL,NULL),('FUNDAS CARATULAS G M','1204',0.57,0.75,20.00,20.00,1,'12%',1,0.75,8,5,10,'1102021464001',NULL,NULL,NULL),('FUNDAS CARATULAS M 8U','1205',1.14,1.50,20.00,20.00,1,'12%',1,1.50,8,8,10,'1102021464001',NULL,NULL,NULL),('CARATULA PEQ H DE 8U','1206',0.76,1.00,20.00,20.00,1,'12%',1,1.00,8,24,10,'1102021464001',NULL,NULL,NULL),('CARATULA PEQ H DE 4U','1207',0.38,0.50,20.00,20.00,1,'12%',1,0.50,8,20,10,'1102021464001',NULL,NULL,NULL),('CARATULA PEQ H X U','1208',0.11,0.15,20.00,20.00,1,'12%',1,0.15,8,63,10,'1102021464001',NULL,NULL,NULL),('FUNDAS CARATULA PEQ DE M 8U','1209',0.76,1.00,20.00,20.00,1,'12%',1,1.00,8,15,10,'1102021464001',NULL,NULL,NULL),('FUNDAS CARATULA PEQ DE M X 4U','1210',0.38,0.50,20.00,20.00,1,'12%',1,0.50,8,7,10,'1102021464001',NULL,NULL,NULL),('CARATULA PEQ MUJER UNIT','1211',0.11,0.15,20.00,20.00,1,'12%',1,0.15,8,35,10,'1102021464001',NULL,NULL,NULL),('LAPICEROS ESCARCHADOS','127035240760',1.90,2.50,20.00,20.00,1,'12%',4,2.50,1,1,0,'1102021464001',NULL,NULL,NULL),('JUEGO DE PING PONG ','17386421',37.88,50.00,20.00,20.00,1,'12%',7,50.00,7,1,0,'1102021464001',NULL,NULL,NULL),('MARCADOR PARA FOMIX ROJO YOKA','2069244924483',0.76,1.00,20.00,20.00,1,'12%',4,1.00,5,7,5,'1102021464001',NULL,NULL,NULL),('RESALTADOR DE MANITA','28419',1.52,2.01,20.00,20.00,1,'12%',1,2.01,5,7,2,'1102021464001',NULL,NULL,NULL),('LAPICERO MAPED VERDE','30102477',0.27,0.35,20.00,20.00,1,'12%',4,0.35,5,7,10,'1102021464001',NULL,NULL,NULL),('LAPICERO MAPED ROJO','30102484',0.27,0.35,20.00,20.00,1,'12%',4,0.35,5,4,10,'1102021464001',NULL,NULL,NULL),('ESFERO MAPED ICE NEGRO','30102491',0.27,0.35,20.00,20.00,1,'12%',4,0.35,5,12,10,'1102021464001',NULL,NULL,NULL),('LAPICERO MAPED AZUL','30102507',0.27,0.35,20.00,20.00,1,'12%',4,0.35,5,1,10,'1102021464001',NULL,NULL,NULL),('RESALTADOR NIÑO','30115',1.52,2.01,20.00,20.00,1,'12%',1,2.01,5,12,2,'1103993109001',NULL,NULL,NULL),('MARCADOR BIC ROJO','3086129999675',0.76,1.00,20.00,20.00,1,'12%',1,1.00,5,12,1,'1102021464001',NULL,NULL,NULL),('MARCADOR BIC 2300 AZUL ','3086129999743',0.76,1.00,20.00,20.00,1,'12%',1,1.00,5,18,12,'1102021464001',NULL,NULL,NULL),('CLIP MARIPOSA MAPED 25MM 100PCS','3154140330101',2.50,3.30,20.00,20.00,1,'12%',5,3.30,1,9,0,'1102021464001',NULL,NULL,NULL),('SACAPUNTAS BOOGI','3154140622114',0.68,0.90,20.00,20.00,1,'12%',1,0.90,5,6,4,'1102021464001',NULL,NULL,NULL),('SACAPUNTAS MAPED PLASTICO','3154140632113',0.15,0.20,20.00,20.00,1,'12%',1,0.20,5,237,10,'1102021464001',NULL,NULL,NULL),('COMPAZ MAPED DE LAPIZ','3154141194108',1.51,2.00,20.00,20.00,1,'12%',1,2.00,3,15,10,'1102021464001',NULL,NULL,NULL),('COMPÁZ MAPED DE MINA ','3154141194504',1.51,2.00,20.00,20.00,1,'12%',1,2.00,2,17,10,'1102021464001',NULL,NULL,NULL),('MINI PINSAS MAPED','3154143440111',1.14,1.50,20.00,20.00,1,'12%',1,1.50,1,4,4,'1102021464001',NULL,NULL,NULL),('CLIPS MARIPOSA MAPED','3154143470118',1.14,1.50,20.00,20.00,1,'12%',1,1.50,1,3,4,'1102021464001',NULL,NULL,NULL),('FLAUTA MAPED','3154144072106',4.92,6.50,20.00,20.00,1,'12%',1,6.50,8,6,5,'1102021464001',NULL,NULL,NULL),('SACAPUNTAS MAPED MEALICO ','3154145340198',0.57,0.75,20.00,20.00,1,'12%',1,0.75,5,75,10,'1102021464001',NULL,NULL,NULL),('SACAPUNTAS MAPED IGLOO','3154145347548',0.38,0.50,20.00,20.00,1,'12%',1,0.50,5,13,10,'1102021464001',NULL,NULL,NULL),('LAPIZ MAPED 2B 0','3154148500223',0.38,0.50,20.00,20.00,1,'12%',4,0.50,5,50,15,'1102021464001',NULL,NULL,NULL),('PORTAMINAS ROTRING ROJO','3501170770542',3.79,5.00,20.00,20.00,1,'12%',4,5.00,5,4,2,'1102021464001',NULL,NULL,NULL),('PORTAMINAS ROTRING NEGRO','3501170770559',3.79,5.00,20.00,20.00,1,'12%',4,5.00,5,3,2,'1102021464001',NULL,NULL,NULL),('PORTAMINAS ROTRING AZUL','3501170770566',3.79,5.00,20.00,20.00,1,'12%',4,5.00,5,3,2,'1102021464001',NULL,NULL,NULL),('PORTAMINAS ROTRING AMARILLO','3501170770573',3.79,5.00,20.00,20.00,1,'12%',4,5.00,5,2,2,'1102021464001',NULL,NULL,NULL),('ARCHIVADOR BENE','3811647500054',1.90,2.50,20.00,20.00,1,'12%',1,2.50,6,5,2,'1102021464001',NULL,NULL,NULL),('TINTA EDDING AZUL BT-30','4004764064274',3.22,4.25,20.00,20.00,1,'12%',1,4.25,5,5,6,'1102021464001',NULL,NULL,NULL),('TINTA EDDING VERDE BT-30','4004764064281',3.22,4.25,20.00,20.00,1,'12%',1,4.25,5,18,0,'1102021464001',NULL,NULL,NULL),('LAPIZ FABER CASTELL BICOLOR JUMBO','4005401175001',1.32,1.75,20.00,20.00,1,'12%',4,1.75,5,41,5,'1102021464001',NULL,NULL,NULL),('LAPIZ STABILO B 2','4006381117852',0.57,0.75,20.00,20.00,1,'12%',4,0.75,5,9,15,'1102021464001',NULL,NULL,NULL),('LAPIZ STABILO HB 2 1/2','4006381117944',0.57,0.75,20.00,20.00,1,'12%',4,0.75,5,65,20,'1102021464001',NULL,NULL,NULL),('LAPIZ STABILO 2B 1 1/2','4006381117975',0.57,0.75,20.00,20.00,1,'12%',4,0.75,5,110,15,'1102021464001',NULL,NULL,NULL),('LAPIZ STABILO 2H 4','4006381118002',0.57,0.75,20.00,20.00,1,'12%',4,0.75,5,2,15,'1102021464001',NULL,NULL,NULL),('LAPIZ STABILO 3B 1','4006381118033',0.57,0.75,20.00,20.00,1,'12%',4,0.75,5,85,20,'1102021464001',NULL,NULL,NULL),('LAPIZ STABILO 4B 0','4006381118095',0.23,0.30,20.00,20.00,1,'12%',4,0.30,5,52,15,'1102021464001',NULL,NULL,NULL),('LAPIZ STABILO 4H 5','4006381118125',0.57,0.75,20.00,20.00,1,'12%',4,0.75,5,31,15,'1102021464001',NULL,NULL,NULL),('LAPIZ STABILO 5B','4006381170314',0.57,0.75,20.00,20.00,1,'12%',4,0.75,5,64,20,'1102021464001',NULL,NULL,NULL),('LAPIZ STABILO 6B','4006381170321',0.56,0.75,20.00,20.00,1,'12%',4,0.75,5,142,15,'1102021464001',NULL,NULL,NULL),('LAPIZ STABILO HB','4006381172806',0.57,0.75,20.00,20.00,1,'12%',4,0.75,5,12,15,'1102021464001',NULL,NULL,NULL),('LAPIZ STAEDTLER 2B','4006608107611',0.95,1.25,20.00,20.00,1,'12%',4,1.25,5,86,10,'1102021464001',NULL,NULL,NULL),('RAPIDOGRAFO ROTRING','4006856151008',15.15,20.00,20.00,20.00,1,'12%',1,20.00,5,1,0,'1102021464001',NULL,NULL,NULL),('MINAS ROTRING 0.5 HB','4006856505535',0.91,1.20,20.00,20.00,1,'12%',1,1.20,5,68,10,'1102021464001',NULL,NULL,NULL),('BORRADOR ROTRING B20','4006856551211',1.14,1.50,20.00,20.00,1,'12%',1,1.50,5,9,5,'1102021464001',NULL,NULL,NULL),('TINTA ROTRING ','4006856591170',3.79,5.00,20.00,20.00,1,'12%',1,5.00,5,2,0,'1102021464001',NULL,NULL,NULL),('LAPIZ STAEDTLER 8B','4007817103999',0.30,0.40,20.00,20.00,1,'12%',4,0.40,5,3,20,'1102021464001',NULL,NULL,NULL),('LAPIZ STAEDTLER 4B','4007817104385',0.46,0.60,20.00,20.00,1,'12%',4,0.60,5,12,15,'1102021464001',NULL,NULL,NULL),('LAPIZ STAEDTLER HB','4007817104460',0.46,0.60,20.00,20.00,1,'12%',4,0.60,5,1,5,'1102021464001',NULL,NULL,NULL),('LAPIZ STAEDTLER 3H','4007817104545',0.53,0.70,20.00,20.00,1,'12%',4,0.70,5,56,15,'1102021464001',NULL,NULL,NULL),('LAPIZ STAEDTLER TRIPLUS SLIM','4007817118160',0.57,0.75,20.00,20.00,1,'12%',4,0.75,5,2,0,'1102021464001',NULL,NULL,NULL),('LAPIZ STAEDTLER NORIS TRIPLUS','4007817119006',1.14,1.50,20.00,20.00,1,'12%',4,1.50,5,6,4,'1102021464001',NULL,NULL,NULL),('LAPIZ STAEDTLER WOPEX 2B','4007817180020',0.46,0.60,20.00,20.00,1,'12%',4,0.60,5,7,0,'1102021464001',NULL,NULL,NULL),('LAPICERO STAEDTLER ROJO','4007817422021',0.19,0.25,20.00,20.00,1,'12%',4,0.25,5,5,15,'1102021464001',NULL,NULL,NULL),('LAPICERO STAEDTLER NEGRO','4007817422106',0.19,0.25,20.00,20.00,1,'12%',4,0.25,5,20,15,'1102021464001',NULL,NULL,NULL),('ESFERO STAEDTLER STICK ROJO','4007817429242',0.23,0.30,20.00,20.00,1,'12%',4,0.30,5,2,10,'1102021464001',NULL,NULL,NULL),('PINTURA STAEDTLER LARGA 12 COL','4007817609002',2.46,3.25,20.00,20.00,1,'12%',3,3.25,1,28,20,'1102021464001',NULL,NULL,NULL),('PORTAMINAS PELIKAN PUSH CELESTE','4012700962034',0.76,1.00,20.00,20.00,1,'12%',4,1.00,5,3,2,'1102021464001',NULL,NULL,NULL),('PORTAMINAS PELIKAN PUSH AMARILLO','4012700962041',0.76,1.00,20.00,20.00,1,'12%',4,1.00,5,4,2,'1102021464001',NULL,NULL,NULL),('PORAMINAS PELIKAN PUSH ROSADO','4012700962065',0.76,1.00,20.00,20.00,1,'12%',5,1.00,1,4,2,'1102021464001',NULL,NULL,NULL),('PORTAMINAS PELIKAN PUSH VERDE','4012700962072',0.76,1.00,20.00,20.00,1,'12%',4,1.00,5,5,2,'1102021464001',NULL,NULL,NULL),('ESFERO PELIKAN POINEC NEGRO','4012700962539',0.23,0.30,20.00,20.00,1,'12%',4,0.30,5,18,10,'1102021464001',NULL,NULL,NULL),('ESFERO PELIKAN POINEC ROJO','4012700962546',0.23,0.30,20.00,20.00,1,'12%',4,0.30,5,12,10,'1102021464001',NULL,NULL,NULL),('PORTAMINAS DELTA','4041485220046',0.76,1.00,20.00,20.00,1,'12%',4,1.00,5,11,10,'1102021464001',NULL,NULL,NULL),('LAPIZ LYRA ','4084900103616',0.57,0.75,20.00,20.00,1,'12%',4,0.75,5,8,0,'1102021464001',NULL,NULL,NULL),('PINZAS ALEXA','450165893120',1.14,1.50,20.00,20.00,1,'12%',1,1.50,1,1,0,'1102021464001',NULL,NULL,NULL),('ARCHIVADOR PLASTICO BEAUTONE','4710581320423',5.68,7.50,20.00,20.00,1,'12%',1,7.50,8,1,0,'1102021464001',NULL,NULL,NULL),('RAPIDOGRAFO SIMBALION 0.4','4710609883053',0.76,1.00,20.00,20.00,1,'12%',4,1.00,5,30,10,'1102021464001',NULL,NULL,NULL),('RAPIDOGRAFO SIMBALION 0.6','4710609883084',0.76,1.00,20.00,20.00,1,'12%',4,1.00,5,18,10,'1102021464001',NULL,NULL,NULL),('RAPIDOGRAFO SIMBALION 0.7','4710609883114',0.76,1.00,20.00,20.00,1,'12%',4,1.00,5,27,10,'1102021464001',NULL,NULL,NULL),('RAPIDOGRAFO SIMBALION 0.1','4710609884005',0.76,1.00,20.00,20.00,1,'12%',4,1.00,5,28,10,'1102021464001',NULL,NULL,NULL),('RAPIDOGRAFO SIMBALION 0.2','4710609884012',0.76,1.00,20.00,20.00,1,'12%',4,1.00,5,14,10,'1102021464001',NULL,NULL,NULL),('RAPIDOGRAFO SIMBALION 0.3','4710609884029',0.76,1.00,20.00,20.00,1,'12%',4,1.00,5,16,10,'1102021464001',NULL,NULL,NULL),('RAPIDOGRAFO SIMBALION 0.5','4710609884036',0.76,1.00,20.00,20.00,1,'12%',4,1.00,5,17,10,'1102021464001',NULL,NULL,NULL),('RAPIDOGRAFO SIMBALION 0.8','4710609884043',0.76,1.00,20.00,20.00,1,'12%',4,1.00,5,41,10,'1102021464001',NULL,NULL,NULL),('PENDRIVE SP 8GB LED INDICADOR NEGRA U02','4710700391679',6.80,9.00,21.00,21.00,1,'12%',2,9.04,2,2,2,'1191725847001',NULL,NULL,NULL),('SACAPUNTAS PLASTICO ARTESCO','4711678071532',0.38,0.50,20.00,20.00,1,'12%',1,0.50,5,6,0,'1102021464001',NULL,NULL,NULL),('PENDRIVE HP V270W 16GB AMARILLA BLANCO','4712477111962',8.49,13.50,24.00,24.00,1,'12%',2,13.50,2,2,1,'1191725847001',NULL,NULL,NULL),('PENDRIVE HP C350O 16GB AMARILLA ORANGE','4712477114512',8.55,12.50,23.00,23.00,1,'12%',2,12.50,2,1,1,'1191725847001',NULL,NULL,NULL),('PENDRIVE SP 8GB LED INDICADOR NEGRA U05','4712702632606',6.07,9.00,21.00,21.00,1,'12%',2,8.07,2,3,2,'1191725847001',NULL,NULL,NULL),('PENDRIVE SP 8GB BLACK U02','4712702646405',6.80,9.00,21.00,21.00,1,'12%',2,9.04,2,3,2,'1191725847001',NULL,NULL,NULL),('PENDRIVE SP 16GB HAZELNUT T30','4712702649802',7.47,12.50,22.00,22.00,1,'12%',2,12.50,2,2,1,'1191725847001',NULL,NULL,NULL),('STICK N NEON VERDE LIMON','4712759211335',0.76,1.00,20.00,20.00,1,'12%',5,1.00,1,2,1,'1102021464001',NULL,NULL,NULL),('STICK N NEON ANARANJADO','4712759211649',0.76,1.00,20.00,20.00,1,'12%',5,1.00,1,3,1,'1102021464001',NULL,NULL,NULL),('STICK N NEON ROSADO','4712759211656',0.76,1.00,20.00,20.00,1,'12%',5,1.00,1,2,1,'1102021464001',NULL,NULL,NULL),('STICK N NEON VERDE','4712759211670',0.76,1.00,20.00,20.00,1,'12%',5,1.00,1,2,1,'1102021464001',NULL,NULL,NULL),('STICK N NEON CELESTE','4712759212097',0.76,1.00,20.00,20.00,1,'12%',5,1.00,1,1,1,'1102021464001',NULL,NULL,NULL),('PENDRIVE HP V232W 16GB SILVER','4712847095175',7.04,11.50,23.00,23.00,1,'12%',2,11.50,2,2,1,'1191725847001',NULL,NULL,NULL),('GRAPAS KW-TRIO 23/10 1000PCS','4714218000139',0.60,0.80,20.00,20.00,1,'12%',5,0.80,1,1,0,'1102021464001',NULL,NULL,NULL),('GRAPAS KW-TRIO 26/6 5000PCS','4714218000344',0.68,0.90,20.00,20.00,1,'12%',5,0.90,1,4,4,'1102021464001',NULL,NULL,NULL),('SACAPUNTAS KW-TRIO 0307A','4714218060133',7.58,10.00,20.00,20.00,1,'12%',5,10.00,1,1,0,'1102021464001',NULL,NULL,NULL),('PERFORADORA MEDIUM PUNCH 912','4714218160253',3.41,4.50,20.00,20.00,1,'12%',5,4.50,1,4,0,'1102021464001',NULL,NULL,NULL),('PERFORADORA KW-TRIO ONE HOLE 9210','4714218160406',0.95,1.25,20.00,20.00,1,'12%',5,1.25,1,4,10,'1102021464001',NULL,NULL,NULL),('CLIP MARIPOSA COX N8 100PCS','4714219743080',1.51,2.00,20.00,20.00,1,'12%',5,2.00,1,2,0,'1102021464001',NULL,NULL,NULL),('SEPARDOR DE HOJAS SICKY OFFICE','4750650420289',0.57,0.75,20.00,20.00,1,'12%',5,0.75,1,2,0,'1102021464001',NULL,NULL,NULL),('COMPAZ DE PRESICION S11002 PEQ','4795864668430',1.52,2.01,20.00,20.00,1,'12%',1,2.01,2,159,20,'1102021464001',NULL,NULL,NULL),('DISPENSADOR DE CLIP EAGLE','4893055000158',1.14,1.50,20.00,20.00,1,'12%',5,1.50,1,4,10,'1102021464001',NULL,NULL,NULL),('GRAPADORA EAGLE 206','4893055002060',1.90,2.50,20.00,20.00,1,'12%',5,2.50,1,6,2,'1102021464001',NULL,NULL,NULL),('PERFORADORA EAGLE 707A','4893055007072',2.08,2.75,20.00,20.00,1,'12%',5,2.75,1,7,1,'1102021464001',NULL,NULL,NULL),('PERFORADORA EAGLE 708','4893055007089',2.65,3.50,20.00,20.00,1,'12%',5,3.50,1,3,0,'1102021464001',NULL,NULL,NULL),('PERFORADORA EAGLE 709','4893055007096',1.51,2.00,20.00,20.00,1,'12%',5,2.00,1,3,1,'1102021464001',NULL,NULL,NULL),('PERFORADORA EAGLE 837','4893055008376',2.46,3.75,20.00,20.00,1,'12%',5,3.75,1,3,1,'1102021464001',NULL,NULL,NULL),('ENGRAPADORA EAGLE 828L','4893055018283',3.03,4.00,20.00,20.00,1,'12%',5,4.00,1,2,0,'1102021464001',NULL,NULL,NULL),('MINI GRAPADORA EAGLE','4893055050276',0.95,1.25,20.00,20.00,1,'12%',5,1.25,1,16,4,'1102021464001',NULL,NULL,NULL),('ARCHIVADOR PLASTICO EAGLE','4893055091125',4.17,5.50,20.00,20.00,1,'12%',1,5.50,8,1,0,'1102021464001',NULL,NULL,NULL),('GOMA EN BARRA EAGLE','4893055800024',0.76,1.00,20.00,20.00,1,'12%',1,1.00,5,1,1,'1102021464001',NULL,NULL,NULL),('PAQ PAPEL FOTOGRAFICO LANCER 230GR','4895137906600',2.08,2.75,20.00,20.00,1,'12%',2,2.75,8,6,2,'1102021464001',NULL,NULL,NULL),('SILICONA LIQUIDA 30ML LANCER','4895137906617',0.38,0.50,20.00,20.00,1,'12%',1,0.50,7,64,4,'1102021464001',NULL,NULL,NULL),('SILICONA LIQUIDA 60ML LANCER','4895137906624',0.57,0.75,20.00,20.00,1,'12%',1,0.75,7,4,4,'1102021464001',NULL,NULL,NULL),('SILICONA LIQUIDA 100ML LANCER','4895137906631',0.76,1.00,20.00,20.00,1,'12%',6,1.00,7,60,20,'1102021464001',NULL,NULL,NULL),('COMPAZ LANCER 1148','4895137909205',0.95,1.25,20.00,20.00,1,'12%',1,1.25,3,17,10,'1102021464001',NULL,NULL,NULL),('COMPAZ LANCER 1173','4895137909267',1.14,1.50,20.00,20.00,1,'12%',1,1.50,3,26,10,'1102021464001',NULL,NULL,NULL),('COMPAZ LANCER 1296','4895137909328',3.03,4.00,20.00,20.00,1,'12%',1,4.00,4,1,1,'1102021464001',NULL,NULL,NULL),('COMPAZ LANCER 1184','4895137914261',0.95,1.25,20.00,20.00,1,'12%',1,1.25,3,82,10,'1102021464001',NULL,NULL,NULL),('COMPAZ LANCER 1190','4895137914353',0.95,1.25,20.00,20.00,1,'12%',1,1.25,3,47,10,'1102021464001',NULL,NULL,NULL),('CRAYON PANDA PEQ','4895137923447',0.57,0.75,20.00,20.00,1,'12%',1,0.75,7,28,5,'1102021464001',NULL,NULL,NULL),('CRAYON PANDA GRANDE','4895137923478',0.68,0.90,20.00,20.00,1,'12%',1,0.90,5,21,5,'1102021464001',NULL,NULL,NULL),('LAPICEROS ESCARCHADOS BEIFA 12 COL','4895137930599',1.90,2.50,20.00,20.00,1,'12%',4,2.50,1,5,0,'1102021464001',NULL,NULL,NULL),('CARTUÑINA CORRUGADA A4 161 GR','4895137940024',0.95,1.25,20.00,20.00,1,'12%',1,1.25,6,36,20,'1102021464001',NULL,NULL,NULL),('PAPEL CONSTRUCTOR','4895137943193',0.57,0.75,20.00,20.00,1,'12%',1,0.75,8,18,5,'1102021464001',NULL,NULL,NULL),('ALMOHADILLA LANCER VIOLETA','4895137954250',0.76,1.00,20.00,20.00,1,'12%',5,1.00,9,2,0,'1102021464001',NULL,NULL,NULL),('CAJA PINES DE COLORES LANCER 100PCS','4895137954618',0.57,0.75,20.00,20.00,1,'12%',5,0.75,1,10,5,'1102021464001',NULL,NULL,NULL),('PAQ PAPEL FOTOGRAFICO LANCER 200GR','4895137956766',2.08,2.75,20.00,20.00,1,'12%',2,2.75,8,2,2,'1102021464001',NULL,NULL,NULL),('CAJA TACHUELAS LANCER COLORES X500','4895137968547',0.30,0.40,20.00,20.00,1,'12%',5,0.40,1,7,5,'1102021464001',NULL,NULL,NULL),('LUPA LANCER SHLU0104','4895137968776',0.95,1.25,20.00,20.00,1,'12%',1,1.25,1,2,1,'1102021464001',NULL,NULL,NULL),('TINTA PARA SELLO LANCER','4895137987005',0.76,1.00,20.00,20.00,1,'12%',1,1.00,5,5,0,'1102021464001',NULL,NULL,NULL),('LIBRO DE ACTAS 200H CUAD LANCER','4895137992955',3.79,5.00,20.00,20.00,1,'12%',1,5.00,3,6,2,'1102021464001',NULL,NULL,NULL),('PINTURA ACRILICA LANCER 60MG','4895138042161',0.76,1.00,20.00,20.00,1,'12%',4,1.00,1,50,20,'1102021464001',NULL,NULL,NULL),('PAQ PAPEL FOTOGRAFICO LANCER','4895138043106',1.90,2.50,20.00,20.00,1,'12%',2,2.50,8,1,2,'1102021464001',NULL,NULL,NULL),('MARCADOR PARA CD JEFF','4895138048361',0.76,1.00,20.00,20.00,1,'12%',4,1.00,5,12,2,'1102021464001',NULL,NULL,NULL),('LAPICERO JEFF BORRABLE AZUL','4895138048385',0.95,1.25,20.00,20.00,1,'12%',4,1.25,5,3,10,'1102021464001',NULL,NULL,NULL),('LAPICERO JEFF BORRABLE ROJO','4895138048392',0.95,1.25,20.00,20.00,1,'12%',4,1.25,5,2,10,'1102021464001',NULL,NULL,NULL),('ESCALIMETRO LANCER','489537922969',1.52,2.01,20.00,20.00,1,'12%',1,2.01,5,3,0,'1102021464001',NULL,NULL,NULL),('LAPICERO UNIBALL SIGNO','4902778721056',1.36,1.80,20.00,20.00,1,'12%',4,1.80,5,2,0,'1102021464001',NULL,NULL,NULL),('MARCADOR SNOWMAN PERMANTE','4970129022510',0.76,1.00,20.00,20.00,1,'12%',4,1.00,5,12,3,'1102021464001',NULL,NULL,NULL),('MARCADOR SNOWMAN PERM ROJO','4970129022527',0.76,1.00,20.00,20.00,1,'12%',4,1.00,5,5,25,'1102021464001',NULL,NULL,NULL),('RAPIDOGRAFO SNOWMAN 0.7','4970129032519',0.76,1.00,20.00,20.00,1,'12%',4,1.00,5,2,10,'1102021464001',NULL,NULL,NULL),('RAPIDOGRAFO SNOWMAN 0.8','4970129065517',0.76,1.00,20.00,20.00,1,'12%',4,1.00,5,2,25,'1102021464001',NULL,NULL,NULL),('CALCULADORA CASIO MS8B','4971850087878',6.82,9.00,20.00,20.00,1,'12%',1,9.00,1,2,1,'1102021464001',NULL,NULL,NULL),('CALCULADORA CASIO FX-82LA PLUS','4971850089940',10.98,14.50,20.00,20.00,1,'12%',1,14.50,1,10,3,'1102021464001',NULL,NULL,NULL),('CALCULADORA CASIO FX-570LA PLUS','4971850089971',17.80,23.50,20.00,20.00,1,'12%',1,23.50,1,5,2,'1102021464001',NULL,NULL,NULL),('CALCULADORA CASIO FX-350 EX','4971850092278',15.91,21.00,20.00,20.00,1,'12%',1,21.00,1,1,1,'1102021464001',NULL,NULL,NULL),('CALCULADORA CASIO MW-8B','4971850093084',6.06,8.00,20.00,20.00,1,'12%',1,8.00,1,2,1,'1102021464001',NULL,NULL,NULL),('CALCULADORA CASIO FX-991 MS','4971850094654',18.94,25.00,20.00,20.00,1,'12%',1,25.00,1,1,1,'1102021464001',NULL,NULL,NULL),('CALCULADORA CASIO FX-100MS','4971850094661',17.05,22.50,20.00,20.00,1,'12%',6,22.50,1,1,6,'1102021464001',NULL,NULL,NULL),('CALCULADORA CASIO FX-350 LAX','4971850099826',15.91,21.00,20.00,20.00,1,'12%',1,21.00,1,1,1,'1102021464001',NULL,NULL,NULL),('CALCULADORA CASIO FX-570MS','4971850134824',17.05,22.50,20.00,20.00,1,'12%',1,22.50,1,1,1,'1102021464001',NULL,NULL,NULL),('CALCULADORA CASIO FX-95MS','4971850135562',12.12,16.00,20.00,20.00,1,'12%',1,16.00,1,7,2,'1102021464001',NULL,NULL,NULL),('CALCULADORA CASIO FX-82MS','4971850137931',9.85,13.00,20.00,20.00,1,'12%',1,13.00,1,6,2,'1102021464001',NULL,NULL,NULL),('CALCULADORA CASIO FX-350MS','4971850137955',10.23,13.50,20.00,20.00,1,'12%',1,13.50,1,2,2,'1102021464001',NULL,NULL,NULL),('MARCADOR DE FOMIX CAFE ARTLINE','4974052857522',0.76,1.00,20.00,20.00,1,'12%',4,1.00,5,3,4,'1102021464001',NULL,NULL,NULL),('MARCADOR DE FOMIX ROSA ARTLINE','4974052857553',0.76,1.00,20.00,20.00,1,'12%',4,1.00,5,2,4,'1102021464001',NULL,NULL,NULL),('CARPETA RAPESCO','5018505001199',0.76,1.00,20.00,20.00,1,'12%',1,1.00,10,7,0,'1102021464001',NULL,NULL,NULL),('PERFORADORA RAPESCO MINNO','5018505001779',2.65,3.50,20.00,20.00,1,'12%',5,3.50,1,2,0,'1102021464001',NULL,NULL,NULL),('ENGRAPADORA RAPESCO ECO','5018505001854',2.27,3.00,20.00,20.00,1,'12%',5,3.00,1,4,0,'1102021464001',NULL,NULL,NULL),('ENGRAPADORA RAPESCO ','5018505302784',3.22,4.25,20.00,20.00,1,'12%',5,4.25,1,3,0,'1102021464001',NULL,NULL,NULL),('CARPETAS RAPESCO','5018505403399',1.14,1.50,20.00,20.00,1,'12%',1,1.50,10,5,0,'1102021464001',NULL,NULL,NULL),('LUPA ALEX PEQ 60MM','578236416846',0.76,1.00,20.00,20.00,1,'12%',1,1.00,1,2,1,'1102021464001',NULL,NULL,NULL),('BASE PARA SELLOS','5924130704629',1.90,2.50,20.00,20.00,1,'12%',5,2.50,1,2,0,'1102021464001',NULL,NULL,NULL),('ARCHIVADOR BENE AZUL','6861147500044',1.90,2.50,20.00,20.00,1,'12%',1,2.50,9,1,4,'1102021464001',NULL,NULL,NULL),('ALFILER CHRYSANTHEMUM 1/8 LB','6914098631142',0.57,0.75,20.00,20.00,1,'12%',5,0.75,10,33,10,'1102021464001',NULL,NULL,NULL),('CARPETA REPORT','6920502148557',0.76,1.00,20.00,20.00,1,'12%',1,1.00,10,1,0,'1102021464001',NULL,NULL,NULL),('ARCHIVADOR CON ELASTICO','6920583836091',3.79,5.00,20.00,20.00,1,'12%',1,5.00,8,7,4,'1102021464001',NULL,NULL,NULL),('ARCHIVADOR PLASTICO CON MANGO LANCER','6920583839801',3.03,4.00,20.00,20.00,1,'12%',1,4.00,5,12,5,'1102021464001',NULL,NULL,NULL),('CARPETA SOBRE','6920583855559',0.57,0.75,20.00,20.00,1,'12%',1,0.75,8,26,0,'1102021464001',NULL,NULL,NULL),('GRAPAS DELI 26/6 5000PCS','6921734900128',1.06,1.40,20.00,20.00,1,'12%',5,1.40,1,1,0,'1102021464001',NULL,NULL,NULL),('CLIP BOX','6921734909886',0.57,0.75,20.00,20.00,1,'12%',1,0.75,1,3,0,'1102021464001',NULL,NULL,NULL),('CARPETA DELI FEELING','6921734955401',1.14,1.50,20.00,20.00,1,'12%',1,1.50,10,4,0,'1102021464001',NULL,NULL,NULL),('CARPETA DELI','6921734956613',0.76,1.00,20.00,20.00,1,'12%',1,1.00,10,5,0,'1102021464001',NULL,NULL,NULL),('PORTAMINAS LANTU LT-802','6922139408028',0.38,0.50,20.00,20.00,1,'12%',4,0.50,5,5,0,'1102021464001',NULL,NULL,NULL),('PORTAMINAS LANTU 831D','6922139408318',0.38,0.50,20.00,20.00,1,'12%',4,0.50,5,3,0,'1102021464001',NULL,NULL,NULL),('ESCARCHA FINA 250GR','6922266800078',3.41,4.50,20.00,20.00,1,'12%',6,4.50,7,1,0,'1102021464001',NULL,NULL,NULL),('PINCEL NERDLAND 4','6923004000132',0.38,0.50,20.00,20.00,1,'12%',1,0.50,6,14,6,'1102021464001',NULL,NULL,NULL),('ABACO Y NUMEROS DE MADERA','6923315263233',3.41,4.50,20.00,20.00,1,'12%',1,4.50,2,2,0,'1102021464001',NULL,NULL,NULL),('DISPENSADOR DE CINTA WB','6924238702175',2.27,3.00,20.00,20.00,1,'12%',5,3.00,1,3,0,'1102021464001',NULL,NULL,NULL),('RESALTADOR YOCA CELESTE','6924492441391',0.57,0.75,20.00,20.00,1,'12%',1,0.75,5,12,2,'1102021464001',NULL,NULL,NULL),('MARCADOR PARA FOMIX AZUL YOKA','6924492448307',0.76,1.00,20.00,20.00,1,'12%',4,1.00,5,10,5,'1102021464001',NULL,NULL,NULL),('MARCADOR DOBLE PUNTA YOKA','6924492448390',0.76,1.00,20.00,20.00,1,'12%',1,1.00,5,3,0,'1102021464001',NULL,NULL,NULL),('MARCADOR PARA FOMIX VERDE YOKA','6924492457309',0.76,1.00,20.00,20.00,1,'12%',4,1.00,5,17,5,'1102021464001',NULL,NULL,NULL),('MARCADOR PARA FOMIX CREMA YOKA','6924492457385',0.76,1.00,20.00,20.00,1,'12%',4,1.00,5,8,4,'1102021464001',NULL,NULL,NULL),('MARCADOR PARA FOMIX NARANJA YOKA','6924492457392',0.76,1.00,20.00,20.00,1,'12%',4,1.00,5,20,4,'1102021464001',NULL,NULL,NULL),('MARCADOR PARA FOMIX CAFE YOKA','6924492457408',0.76,1.00,20.00,20.00,1,'12%',4,1.00,5,9,4,'1102021464001',NULL,NULL,NULL),('MARCADOR PARA FOMIX MORADO YOKA','6924492457415',0.76,1.00,20.00,20.00,1,'12%',4,1.00,5,4,4,'1102021464001',NULL,NULL,NULL),('STICK NOTE COLORES','6924561103021',0.76,1.00,20.00,20.00,1,'12%',5,1.00,1,24,5,'1102021464001',NULL,NULL,NULL),('MARCADOR PERMANENTE WEIVO NEGRO','6924561180015',0.57,0.75,20.00,20.00,1,'12%',1,0.75,5,73,0,'1102021464001',NULL,NULL,NULL),('PORTAPAPEL METALICO NEGRO','6926532035454',1.90,2.50,20.00,20.00,1,'12%',5,2.50,1,4,0,'1102021464001',NULL,NULL,NULL),('CLIP LANCER 33MM ZINC','6928028198360',0.23,0.30,20.00,20.00,1,'12%',5,0.30,1,3,10,'1102021464001',NULL,NULL,NULL),('CALCULADORA ALEX AL815BL','6932177468496',1.32,1.75,20.00,20.00,1,'12%',5,1.75,1,1,0,'1102021464001',NULL,NULL,NULL),('CALCULADORA KD-8876B','6932177474701',3.79,5.00,20.00,20.00,1,'12%',5,5.00,1,1,0,'1102021464001',NULL,NULL,NULL),('CRAYON FABER OIL 12','6933256605320',2.27,3.00,20.00,20.00,1,'12%',1,3.00,5,5,5,'1102021464001',NULL,NULL,NULL),('CRAYON FABER OIL 24','6933256607645',3.79,5.00,20.00,20.00,1,'12%',4,5.00,5,4,4,'1102021464001',NULL,NULL,NULL),('ARCHIVADOR PLASTICO KINARY','6934274112159',3.79,5.00,20.00,20.00,1,'12%',1,5.00,8,3,0,'1102021464001',NULL,NULL,NULL),('CARPETAS PLASTICAS TIPO SOBRE','6934274154180',0.57,0.75,20.00,20.00,1,'12%',1,0.75,8,20,0,'1102021464001',NULL,NULL,NULL),('ALFILERES CHRYSANTHEMUM','6935695111035',0.56,0.75,20.00,20.00,1,'12%',5,0.75,9,4,10,'1102021464001',NULL,NULL,NULL),('CLIP MARIPOSA METALICO FENIX','6936063920082',0.95,1.25,20.00,20.00,1,'12%',5,1.25,1,5,0,'1102021464001',NULL,NULL,NULL),('BORRADOR CARRO BABY','6937137513032',0.19,0.25,20.00,20.00,1,'12%',1,0.25,5,13,0,'1102021464001',NULL,NULL,NULL),('CLIP LANCER 33MM','6937544354518',0.30,0.40,20.00,20.00,1,'12%',5,0.40,1,4,20,'1102021464001',NULL,NULL,NULL),('BORRADOR DE PIZARRA FOSKA B10-1114','6937544364456',0.57,0.75,20.00,20.00,1,'12%',1,0.75,1,1,4,'1102021464001',NULL,NULL,NULL),('LAPICEROS ESCARCHADOS GLITTER 12 COL','6937656900122',2.27,3.00,20.00,20.00,1,'12%',4,3.00,1,5,5,'1102021464001',NULL,NULL,NULL),('BORRADOR FIGURA ARMA','6939219060038',0.38,0.50,20.00,20.00,1,'12%',1,0.50,5,2,0,'1102021464001',NULL,NULL,NULL),('PAQUETE CUCHIILAS DE ESTILETE UNIK','6939540502207',0.57,0.75,20.00,20.00,1,'12%',5,0.75,1,10,5,'1102021464001',NULL,NULL,NULL),('CAJA TACHUELAS UNIK X50','6939540576390',0.23,0.30,20.00,20.00,1,'12%',5,0.30,1,28,5,'1102021464001',NULL,NULL,NULL),('RELOJ DE FOMIX LANCER','6940247614933',1.51,2.00,20.00,20.00,1,'12%',1,2.00,7,4,2,'1102021464001',NULL,NULL,NULL),('CALCULADORA RONBON RB6288A','6942505862872',3.03,4.00,20.00,20.00,1,'12%',5,4.00,1,1,0,'1102021464001',NULL,NULL,NULL),('MARCADOR DE FOMIX NEGRO','6945244044097',0.76,1.00,20.00,20.00,1,'12%',1,1.00,5,1,0,'1102021464001',NULL,NULL,NULL),('ABAGO GRANDE','6951157307151',1.90,2.50,20.00,20.00,1,'12%',1,2.50,7,3,3,'1102021464001',NULL,NULL,NULL),('MARCADOR INK RIFILLABLE','6954941722801',0.95,1.25,20.00,20.00,1,'12%',1,1.25,5,17,20,'1102021464001',NULL,NULL,NULL),('BORRADOR FORMA MARIQUITA','7450007945539',0.30,0.40,20.00,20.00,1,'12%',1,0.40,5,4,6,'1102021464001',NULL,NULL,NULL),('BORRADOR MERLETTO','7450008053950',0.57,0.75,20.00,20.00,1,'12%',1,0.75,5,1,0,'1102021464001',NULL,NULL,NULL),('PLASTILINA STUDMARK','7453015124187',0.76,1.00,20.00,20.00,1,'12%',1,1.00,5,2,0,'1102021464001',NULL,NULL,NULL),('CARPETA PLASTICA SOBRE','7453038424332',0.57,0.75,20.00,20.00,1,'12%',1,0.75,10,10,0,'1102021464001',NULL,NULL,NULL),('PORTAMINAS POINTER','7453038477659',0.38,0.50,20.00,20.00,1,'12%',4,0.50,5,6,0,'1102021464001',NULL,NULL,NULL),('PLASTILINA PELIKAN BLANCA BLOQUE','7501013211146',0.76,1.00,20.00,20.00,1,'12%',1,1.00,5,6,1,'1102021464001',NULL,NULL,NULL),('CRAYON PELIKAN PELIKAN JUMBO PEQ','7501015204498',1.14,1.50,20.00,20.00,1,'12%',1,1.50,5,17,5,'1102021464001',NULL,NULL,NULL),('BORRADOR DE PIZARRA PELIKAN','7501015211106',1.90,2.50,20.00,20.00,1,'12%',1,2.50,1,2,4,'1102021464001',NULL,NULL,NULL),('PLASTILINA PELIKAN GRANDE','7501015211120',0.76,1.00,20.00,20.00,1,'12%',1,1.00,5,12,5,'1102021464001',NULL,NULL,NULL),('PLASTILINA PELIKAN NEGRO BLOQUE','7501015211137',0.76,1.00,20.00,20.00,1,'12%',1,1.00,5,2,2,'1102021464001',NULL,NULL,NULL),('PLASTILINA PELIKAN ROJO BLOQUE','7501015211151',0.76,1.00,20.00,20.00,1,'12%',1,1.00,5,2,2,'1102021464001',NULL,NULL,NULL),('PLASTILINA PELIKAN VERDE BLOQUE','7501015211168',0.76,1.00,20.00,20.00,1,'12%',1,1.00,5,6,2,'1102021464001',NULL,NULL,NULL),('PLASTILINA PELIKAN BLOQUE AMARILLA','7501015212851',0.76,1.00,20.00,20.00,1,'12%',1,1.00,5,5,2,'1102021464001',NULL,NULL,NULL),('PLASTILINA PELIKAN PLOMO BLOQUE','7501015212875',0.76,1.00,20.00,20.00,1,'12%',1,1.00,5,1,1,'1102021464001',NULL,NULL,NULL),('BORRADOR TINTA PELIKAN GRANDE','7501015213148',0.19,0.25,20.00,20.00,1,'12%',1,0.25,5,102,20,'1102021464001',NULL,NULL,NULL),('BORRADOR PELIKAN DE TINTA PEQ','7501015213155',0.11,0.15,20.00,20.00,1,'12%',1,0.15,5,207,10,'1102021464001',NULL,NULL,NULL),('ESFERO PELIKAN 0.7MM','7501015218174',0.57,0.75,20.00,20.00,1,'12%',4,0.75,1,5,25,'1102021464001',NULL,NULL,NULL),('DETECTOR DE BILLETES FALSOS','7501015222898',0.76,1.00,20.00,20.00,1,'12%',4,1.00,5,7,5,'1102021464001',NULL,NULL,NULL),('PLASTILINA PELIKAN PIEL BLOQUE','7501015227176',0.76,1.00,20.00,20.00,1,'12%',1,1.00,5,1,1,'1102021464001',NULL,NULL,NULL),('PLASTILINA PELIKAN AZUL BLOQUE','7501015227183',0.76,1.00,20.00,20.00,1,'12%',1,1.00,5,2,2,'1102021464001',NULL,NULL,NULL),('ESFERO PAPERMATE ANARANJADO','7501030683353',0.23,0.30,20.00,20.00,1,'12%',4,0.30,5,9,0,'1102021464001',NULL,NULL,NULL),('ESFERO PAPERMATE VERDE CAÑA','7501030683377',0.23,0.30,20.00,20.00,1,'12%',4,0.30,5,1,0,'1102021464001',NULL,NULL,NULL),('ESFERO PAPERMATE CELESTE','7501030683391',0.23,0.30,20.00,20.00,1,'12%',4,0.30,5,3,0,'1102021464001',NULL,NULL,NULL),('ESFERO PAPERMATE MORADO','7501030683407',0.23,0.30,20.00,20.00,1,'12%',4,0.30,5,1,0,'1102021464001',NULL,NULL,NULL),('ESFERO PAPERMATE NEGRO','7501030683469',0.23,0.30,20.00,20.00,1,'12%',4,0.30,5,9,0,'1102021464001',NULL,NULL,NULL),('ESFERO PAPERMATE AZUL','7501030683476',0.23,0.30,20.00,20.00,1,'12%',4,0.30,5,1,0,'1102021464001',NULL,NULL,NULL),('ESFERO PAPERMATE ROJO','7501030683483',0.23,0.30,20.00,20.00,1,'12%',4,0.30,5,14,0,'1102021464001',NULL,NULL,NULL),('STICK NOTE MEMO IP','7501035106543',0.76,1.00,20.00,20.00,1,'12%',5,1.00,1,1,0,'1102021464001',NULL,NULL,NULL),('CINTA PARA MAQUINA DE ESCRIBIR','7501037007558',0.57,0.75,20.00,20.00,1,'12%',1,0.75,5,10,6,'1102021464001',NULL,NULL,NULL),('PERFORADORA DE FIGURA NIÑA 2','7501214964896',3.79,5.00,20.00,20.00,1,'12%',6,5.00,2,1,1,'1102021464001',NULL,NULL,NULL),('PERFORADORA DE FIGURA NIÑO','7501214965084',3.79,5.00,20.00,20.00,1,'12%',6,5.00,2,2,1,'(Vacio)',NULL,NULL,NULL),('PERFORADORA DE FIGURA NIÑA','7501214965091',3.79,5.00,20.00,20.00,1,'12%',6,5.00,2,2,1,'1102021464001',NULL,NULL,NULL),('PERFORADORA DE FIGURA CUNA','7501214965114',3.79,5.00,20.00,20.00,1,'12%',6,5.00,2,1,1,'1102021464001',NULL,NULL,NULL),('PERFORADORA DE FIGURA LUNA','7501214965183',3.79,5.00,20.00,20.00,1,'12%',6,5.00,2,1,1,'1102021464001',NULL,NULL,NULL),('CORRECTOR EN CINTA BARRILITO MP508','7501214987017',1.36,1.80,20.00,20.00,1,'12%',1,1.80,2,2,0,'1102021464001',NULL,NULL,NULL),('LAPIZ MONGOL','7591163100230',0.23,0.30,20.00,20.00,1,'12%',3,0.30,1,662,24,'1102021464001',NULL,NULL,NULL),('PLASTILINA NORMA LARGA','7702111228221',1.14,1.50,20.00,20.00,1,'12%',1,1.50,5,12,20,'1102021464001',NULL,NULL,NULL),('CUADERNO ESP PEQ 200H CUAD NORMA','7702111339255',1.21,1.80,37.00,37.00,1,'12%',1,1.80,3,3,25,'1102021464001',NULL,NULL,NULL),('CUADERNO COSIDO 100H 4L NORMA','7702111370791',0.95,1.25,20.00,20.00,1,'12%',1,1.25,4,26,20,'1102021464001',NULL,NULL,NULL),('CUADERNO 50H 1L NORMA','7702111376229',0.30,0.40,20.00,20.00,1,'12%',1,0.40,3,12,25,'1102021464001',NULL,NULL,NULL),('CUADERNO ESP 60H 1L NORMA','7702111376526',0.76,1.00,20.00,20.00,1,'12%',1,1.00,3,21,20,'1102021464001',NULL,NULL,NULL),('CUADERNO ESP 100H 2L NORMA','7702111376557',0.95,1.25,20.00,20.00,1,'12%',1,1.25,3,35,25,'1102021464001',NULL,NULL,NULL),('CUADERNO ESP 100H CUAD NORMA','7702111376564',0.84,1.25,37.00,37.00,1,'12%',1,1.25,3,50,25,'1102021464001',NULL,NULL,NULL),('CUADERNO ESP 100H 4L ESTILO','7702111376571',0.84,1.25,36.00,36.00,1,'12%',1,1.25,3,24,20,'1102021464001',NULL,NULL,NULL),('CADERNO COSIDO 100H 1L','7702111376731',0.95,1.25,20.00,20.00,1,'12%',1,1.25,4,56,2,'1102021464001',NULL,NULL,NULL),('CUADERNO ESP PEQ 60H 1L NORMA','7702111397675',0.46,0.60,20.00,20.00,1,'12%',1,0.60,3,12,25,'1102021464001',NULL,NULL,NULL),('CUADERNO ESP PEQ 60H CUAD NORMA','7702111397682',0.40,0.60,37.00,37.00,1,'12%',1,0.60,3,133,25,'1102021464001',NULL,NULL,NULL),('CUADERNO ESP 60H 2L NORMA','7702111397699',0.76,1.00,20.00,20.00,1,'12%',1,1.00,3,31,25,'1102021464001',NULL,NULL,NULL),('CUADERNO ESP PEQ 100H 1L NORMA','7702111397705',0.76,1.00,20.00,20.00,1,'12%',1,1.00,3,37,25,'1102021464001',NULL,NULL,NULL),('CUADERNO ESP PEQ 100H CUAD NORMA','7702111397712',0.76,1.00,20.00,20.00,1,'12%',1,1.00,3,77,25,'1102021464001',NULL,NULL,NULL),('CUADERNO ESP PEQ 100H 2L NORMA','7702111397729',0.46,0.60,20.00,20.00,1,'12%',1,0.60,3,47,25,'1102021464001',NULL,NULL,NULL),('CUADERNO ESP PEQ 100H 4L NORMA','7702111397736',0.68,1.00,36.00,36.00,1,'12%',1,1.00,3,84,20,'1102021464001',NULL,NULL,NULL),('CUADERNO ESP 60H 4L NORMA','7702111434035',0.84,1.25,36.00,36.00,1,'12%',1,12.50,3,68,20,'1102021464001',NULL,NULL,NULL),('HOJAS PERF CUAD NORMA','7702111449336',0.38,0.50,20.00,20.00,1,'12%',1,0.50,7,54,20,'1102021464001',NULL,NULL,NULL),('LAPIZ NORMA MEDIANO HB','7702111906181',0.30,0.40,20.00,20.00,1,'12%',4,0.40,5,2,0,'1102021464001',NULL,NULL,NULL),('PLASTILINA PARCHESITOS GRANDE','7702163141332',0.38,0.50,20.00,20.00,1,'12%',1,0.50,5,47,20,'1102021464001',NULL,NULL,NULL),('PLASTILINA PARCHESITOS PEQ','7702163141349',0.23,0.30,20.00,20.00,1,'12%',1,0.30,5,12,20,'1102021464001',NULL,NULL,NULL),('MARCADOR PELIKAN 12 COL','7703064000391',1.51,2.00,20.00,20.00,1,'12%',3,2.00,1,46,25,'1102021464001',NULL,NULL,NULL),('TINTA PARA SELLO VIOLETA PELIKAN','7703064300705',0.76,1.00,20.00,20.00,1,'12%',1,1.00,5,10,2,'1102021464001',NULL,NULL,NULL),('TINTA PARA SELLO AZUL PELIKAN','7703064302204',0.76,1.00,20.00,20.00,1,'12%',1,1.00,5,5,0,'1102021464001',NULL,NULL,NULL),('TINTA PARA SELLO NEGRO PELIKAN','7703064304505',0.76,1.00,20.00,20.00,1,'12%',1,1.00,5,2,2,'1102021464001',NULL,NULL,NULL),('TINTA CHINA PELIKAN NEGRO','7703064340503',0.76,1.00,20.00,20.00,1,'12%',1,1.00,5,2,6,'1102021464001',NULL,NULL,NULL),('TINTA CHINA PELIKAN AZUL','7703064342200',0.76,1.00,20.00,20.00,1,'12%',1,1.00,5,17,6,'1102021464001',NULL,NULL,NULL),('TINTA CHINA PELIKAN ROJO','7703064345300',0.76,1.00,20.00,20.00,1,'12%',1,1.00,5,2,6,'1102021464001',NULL,NULL,NULL),('PLASTILINA PELIKAN 8 COL','7703064401006',0.38,0.50,20.00,20.00,1,'12%',1,0.50,5,1,0,'1102021464001',NULL,NULL,NULL),('BORRADOR PELIKAN PZ20','7703064446502',0.11,0.15,20.00,20.00,1,'12%',1,0.15,5,364,2,'1102021464001',NULL,NULL,NULL),('BORRADOR PELIKAN PZ60','7703064447509',0.07,0.10,20.00,20.00,1,'12%',1,0.10,5,735,25,'1102021464001',NULL,NULL,NULL),('MARCADOR BORRABLE AZUL','7703064457201',0.57,0.75,20.00,20.00,1,'12%',1,0.75,5,19,12,'1102021464001',NULL,NULL,NULL),('MARCADOR BORRABLE PELIKAN ROJO','7703064457300',0.57,0.75,20.00,20.00,1,'12%',1,0.75,5,27,12,'1102021464001',NULL,NULL,NULL),('MARCADOR BORRABLE PELIKAN VERDE','7703064457409',0.57,0.75,20.00,20.00,1,'12%',1,0.75,5,23,12,'1102021464001',NULL,NULL,NULL),('MARCADOR BORRABLE PELIKAN NEGRO','7703064457508',0.57,0.75,20.00,20.00,1,'12%',1,0.75,5,24,12,'1102021464001',NULL,NULL,NULL),('RESALTADOR PELIKAN VERDE','7703064461406',0.57,0.75,20.00,20.00,1,'12%',4,0.75,5,1,20,'1102021464001',NULL,NULL,NULL),('MARCADOR PERMANENTE PELIKAN AZUL','7703064495203',0.57,0.75,20.00,20.00,1,'12%',1,0.75,5,23,12,'1102021464001',NULL,NULL,NULL),('MARCADOR PERMANENTE PELIKAN ROJO','7703064495302',0.57,0.75,20.00,20.00,1,'12%',1,0.75,5,21,12,'1102021464001',NULL,NULL,NULL),('MARCADOR PERMANENTE PELIKAN VERDE','7703064495401',0.57,0.75,20.00,20.00,1,'12%',1,0.75,5,27,12,'1102021464001',NULL,NULL,NULL),('MARCADOR PERMANENTE PELIKAN NEGRO','7703064495500',0.57,0.75,20.00,20.00,1,'12%',1,0.75,5,21,12,'1102021464001',NULL,NULL,NULL),('CAJA MATEMATICA PELIKAN','7703064915053',3.03,4.00,20.00,20.00,1,'12%',1,4.00,1,3,0,'1102021464001',NULL,NULL,NULL),('PINURA ACRILICA AZUL COB MED ACRITELA','7704294010068',0.76,1.00,20.00,20.00,1,'12%',3,1.00,1,1,1,'1102021464001',NULL,NULL,NULL),('PINURA ACRILICA AZUL COB ACRITELA','7704294010099',0.76,1.00,20.00,20.00,1,'12%',3,1.00,1,2,1,'1102021464001',NULL,NULL,NULL),('PINURA ACRILICA ROJO CAR ACRITELA','7704294010907',0.76,1.00,20.00,20.00,1,'12%',3,1.00,1,1,1,'1102021464001',NULL,NULL,NULL),('PINTURA DE TELA ROJO CAD ACRITELA','7704294012901',0.76,1.00,20.00,20.00,1,'12%',3,1.00,1,7,2,'1102021464001',NULL,NULL,NULL),('PINURA ACRILICA VERDE NAV ACRITELA','7704294015551',0.76,1.00,20.00,20.00,1,'12%',3,1.00,1,1,1,'1102021464001',NULL,NULL,NULL),('PINURA ACRILICA VERDE PER ACRITELA','7704294937068',0.76,1.00,20.00,20.00,1,'12%',3,1.00,1,1,1,'1102021464001',NULL,NULL,NULL),('PINTURA ACRILICA BLANCO FRANCO','7707227480839',1.14,1.50,20.00,20.00,1,'12%',3,1.50,1,2,0,'1102021464001',NULL,NULL,NULL),('PINTURA ACRILICA AMARILLA FRANCO','7707227480860',1.14,1.50,20.00,20.00,1,'12%',3,1.50,1,1,0,'1102021464001',NULL,NULL,NULL),('PINTURA ACRILICA VERDE DURAZNO FRANCO','7707227480884',1.14,1.50,20.00,20.00,1,'12%',3,1.50,1,1,0,'1102021464001',NULL,NULL,NULL),('PINTURA ACRILICA VIOLEA NOCTURNA FRANCO','7707227480969',1.14,1.50,20.00,20.00,1,'12%',3,1.50,1,1,0,'1102021464001',NULL,NULL,NULL),('PINTURA ACRILICA ROJO FRANCO','7707227480976',1.14,1.50,20.00,20.00,1,'12%',3,1.50,1,3,0,'1102021464001',NULL,NULL,NULL),('PINTURA ACRILICA AZUL NOCHE FRANCO','7707227481034',1.14,1.50,20.00,20.00,1,'12%',3,1.50,1,1,0,'1102021464001',NULL,NULL,NULL),('PINTURA ACRILICA AZUL PRIMARIO','7707227481068',1.14,1.50,20.00,20.00,1,'12%',3,1.50,1,1,0,'1102021464001',NULL,NULL,NULL),('PINTURA ACRILICA VERDE AGUACATE FRANCO','7707227481126',1.14,1.50,20.00,20.00,1,'12%',3,1.50,1,1,0,'1102021464001',NULL,NULL,NULL),('PINTURA ACRILICA VERDE NAVIDAD FRANCO','7707227481133',1.14,1.50,20.00,20.00,1,'12%',3,1.50,1,2,0,'1102021464001',NULL,NULL,NULL),('PINTURA ACRILICA NEGRO FRANCO','7707227481294',1.14,1.50,20.00,20.00,1,'12%',3,1.50,1,2,0,'1102021464001',NULL,NULL,NULL),('PINTURA ACRILICA PLATA FRANCO','7707227481331',2.65,3.50,20.00,20.00,1,'12%',3,3.50,1,3,1,'1102021464001',NULL,NULL,NULL),('PINTURA ACRILICA VERDE OLIVA','7707227485568',1.14,1.50,20.00,20.00,1,'12%',3,1.50,1,5,0,'1102021464001',NULL,NULL,NULL),('PINTURA ACRILICA AZUL ULTRA MAR','7707227485612',1.14,1.50,20.00,20.00,1,'12%',3,1.50,1,2,0,'1102021464001',NULL,NULL,NULL),('PINTURA ACRILICA ROSA AVELLANA FRANCO','7707227485681',1.14,1.50,20.00,20.00,1,'12%',3,1.50,1,1,0,'1102021464001',NULL,NULL,NULL),('TINTA EDDING NEGRO BT-30','7708552403371',3.22,4.25,20.00,20.00,1,'12%',1,4.25,5,5,6,'1102021464001',NULL,NULL,NULL),('PINTURA ARTESCO LARGA 12 COL','7750082001114',1.51,2.00,20.00,20.00,1,'12%',3,2.00,1,17,20,'1102021464001',NULL,NULL,NULL),('LAPIZ ARTESCO JUMBO','7750082001237',0.46,0.60,20.00,20.00,1,'12%',4,0.60,5,24,20,'1102021464001',NULL,NULL,NULL),('LAPIZ ARTESCO 2','7750082001244',0.19,0.25,20.00,20.00,1,'12%',4,0.25,5,189,15,'1102021464001',NULL,NULL,NULL),('PINTURA ARTESCO JUMBO 12 COL','7750082001251',4.36,5.75,20.00,20.00,1,'12%',3,5.75,1,10,20,'1102021464001',NULL,NULL,NULL),('LAPIZ ARTESCO BICOLOR JUMBO','7750082002104',0.57,0.75,20.00,20.00,1,'12%',4,0.75,5,166,5,'1102021464001',NULL,NULL,NULL),('LAPIZ ARTESCO 2B PLATA','7750082003422',0.15,0.20,20.00,20.00,1,'12%',4,0.20,5,24,24,'1102021464001',NULL,NULL,NULL),('LAPIZ ARTESCO CALENDARIO','7750082004887',0.23,0.30,20.00,20.00,1,'12%',4,0.30,5,117,5,'1102021464001',NULL,NULL,NULL),('CRAYON ARTESCO KIDS PLASTIC','7750082007093',1.52,2.01,20.00,20.00,1,'12%',1,2.01,5,35,20,'1102021464001',NULL,NULL,NULL),('PLASTILINA ARTESCO PLASTIC','7750082007116',1.14,1.50,20.00,20.00,1,'12%',1,1.50,5,108,20,'1102021464001',NULL,NULL,NULL),('GOMA EN BARRA ARTESCO','7750082008526',1.32,1.75,20.00,20.00,1,'12%',1,1.75,5,1,10,'1102021464001',NULL,NULL,NULL),('PINTURA ARTESCO DUO COLOR LARGA 12 COL','7750082009677',2.65,3.50,20.00,20.00,1,'12%',3,3.50,1,10,20,'1102021464001',NULL,NULL,NULL),('ENGRAPADORA ARTESCO M727','7750082010147',3.60,4.75,20.00,20.00,1,'12%',5,4.75,1,1,0,'1102021464001',NULL,NULL,NULL),('PERFORADORA ARTESCO M01','7750082010161',1.32,1.75,20.00,20.00,1,'12%',5,1.75,1,2,1,'1102021464001',NULL,NULL,NULL),('SACAGRAPAS ARTESCO EO8B','7750082010246',1.06,1.40,20.00,20.00,1,'12%',5,1.40,1,1,0,'1102021464001',NULL,NULL,NULL),('CRAYON ARTESCO PRIMER','7750082013704',1.51,2.00,20.00,20.00,1,'12%',1,2.00,5,3,0,'1102021464001',NULL,NULL,NULL),('CRAYON ARTESCO KIDS','7750082017757',1.51,2.00,20.00,20.00,1,'12%',1,2.00,5,31,10,'1102021464001',NULL,NULL,NULL),('PINTURA ARTESCO PEQ 12 COL','7750082018389',0.95,1.25,20.00,20.00,1,'12%',3,1.25,1,22,20,'1102021464001',NULL,NULL,NULL),('ENGRAPADORA ARTESCO M764','7750082025066',6.82,9.00,20.00,20.00,1,'12%',5,9.00,1,1,0,'1102021464001',NULL,NULL,NULL),('CORRECTOR ARTESCO MINI','7750082025202',0.39,0.51,20.00,20.00,1,'12%',4,0.51,5,11,5,'1102021464001',NULL,NULL,NULL),('PERFORADORA ARTESCO M608 ROSA','7750082037083',3.41,4.50,20.00,20.00,1,'12%',5,4.50,1,1,1,'1102021464001',NULL,NULL,NULL),('PERFORADORA ARTESCO M608 CELESTE','7750082037090',3.41,4.50,20.00,20.00,1,'12%',5,4.50,1,1,1,'1102021464001',NULL,NULL,NULL),('PERFORADORA ARTESCO M608 VERDE','7750082037106',3.41,4.50,20.00,20.00,1,'12%',5,4.50,1,1,1,'1102021464001',NULL,NULL,NULL),('LAPICERO ARTESCO BORRABLE AZUL','7750082043169',0.95,1.25,20.00,20.00,1,'12%',4,1.25,5,36,1,'1102021464001',NULL,NULL,NULL),('LAPICERO TINTA BORRABLE NEGRO','7750082043176',0.95,1.25,20.00,20.00,1,'12%',4,1.25,5,34,10,'1102021464001',NULL,NULL,NULL),('PINTURA PELIKAN LARGA 12 COL','7750840000229',1.90,2.50,20.00,20.00,1,'12%',3,2.50,1,7,5,'1102021464001',NULL,NULL,NULL),('ESFERO FABER CASTELL TRILUX NARANJA','7754111000628',0.23,0.30,20.00,20.00,1,'12%',4,0.30,5,13,10,'1102021464001',NULL,NULL,NULL),('ESFERO FABER CASTELL TRILUX VERDE','7754111000703',0.23,0.30,20.00,20.00,1,'12%',4,0.30,5,1,0,'1102021464001',NULL,NULL,NULL),('MARCADOR FABER VERDE ','7754111653404',1.14,1.50,20.00,20.00,1,'12%',1,1.50,5,11,5,'1102021464001',NULL,NULL,NULL),('MARCADOR FABER NARANJA','7754111653411',1.14,1.50,20.00,20.00,1,'12%',1,1.50,5,11,5,'1102021464001',NULL,NULL,NULL),('MARCADOR FABER VERDE CAÑA','7754111653435',1.14,1.50,20.00,20.00,1,'12%',1,1.50,5,1,0,'1102021464001',NULL,NULL,NULL),('MARCADOR FABER ROSA','7754111653442',1.14,1.50,20.00,20.00,1,'12%',1,1.50,5,8,2,'1102021464001',NULL,NULL,NULL),('MARCADOR FABER JUMBO','7754111687171',0.76,1.00,20.00,20.00,1,'12%',4,1.00,5,1,0,'1102021464001',NULL,NULL,NULL),('MARCADOR FABER CELESTE','7754111687188',1.14,1.50,20.00,20.00,1,'12%',1,1.50,5,1,0,'1102021464001',NULL,NULL,NULL),('MARCADOR FABER JUMBO NARANJA','7754111687256',0.76,1.00,20.00,20.00,1,'12%',4,1.00,5,1,0,'1102021464001',NULL,NULL,NULL),('CRAYON FABER JUMBO 12','7754111743129',1.90,2.50,20.00,20.00,1,'12%',1,2.50,5,59,10,'1102021464001',NULL,NULL,NULL),('MARCADOR EDDING 360 NEGRO','7796568104627',1.29,1.70,20.00,20.00,1,'12%',1,1.70,5,18,12,'1102021464001',NULL,NULL,NULL),('MARCADOR EDDING 360 AZUL','7796568104665',1.29,1.70,20.00,20.00,1,'12%',1,1.70,5,21,12,'1102021464001',NULL,NULL,NULL),('MARCADOR EDDING 360 VERDE','7796568104689',1.29,1.70,20.00,20.00,1,'12%',1,1.70,5,17,12,'1102021464001',NULL,NULL,NULL),('SILICONA LIQ CATALINA 200ML','7806610177285',1.14,1.50,20.00,20.00,1,'12%',1,1.50,7,4,2,'1102021464001',NULL,NULL,NULL),('RESALTADOR ARTEL DOBLE COL','7807210012266',0.46,0.60,20.00,20.00,1,'12%',4,0.60,5,3,5,'1102021464001',NULL,NULL,NULL),('PLASTILINA ARTEL GRANDE','7807210021534',1.32,1.75,20.00,20.00,1,'12%',1,1.75,5,3,20,'1102021464001',NULL,NULL,NULL),('lapiz de grafito artel 4b','7807210631023',0.46,0.60,20.00,20.00,1,'12%',4,0.60,5,3,5,'1102021464001',NULL,NULL,NULL),('LAPIZ DE GRAFITO ARTEL 2B','7807210631047',0.46,0.60,20.00,20.00,1,'12%',4,0.60,5,1,5,'1102021464001',NULL,NULL,NULL),('LAPIZ DE GRAFITO ARTEL 2H','7807210631085',0.46,0.60,20.00,20.00,1,'12%',4,0.60,5,3,10,'1102021464001',NULL,NULL,NULL),('LAPIZ DE GRAFITO 4H ARTEL','7807210631108',0.46,0.60,20.00,20.00,1,'12%',4,0.60,5,6,3,'1102021464001',NULL,NULL,NULL),('PINZA FORTIN 36 UNIDADES','7861000100700',1.90,2.50,20.00,20.00,1,'12%',6,2.50,3,5,5,'1102021464001',NULL,NULL,NULL),('JUEGOS DIDACTICOS MABET','7861000164610',2.27,3.00,20.00,20.00,1,'12%',1,3.00,7,21,1,'1102021464001',NULL,NULL,NULL),('CUADERNO LA REFORMA 1 L 100 H','7861010820711',0.42,0.55,20.00,20.00,1,'12%',1,0.55,4,3,0,'1102021464001',NULL,NULL,NULL),('GOMA BIOPLAST 50 G','7861020337186',0.15,0.20,20.00,20.00,1,'12%',1,0.20,7,352,20,'1102021464001',NULL,NULL,NULL),('FIGURAS GEOM MADERA','7861020500467',0.57,0.75,20.00,20.00,1,'12%',1,0.75,7,19,10,'1102021464001',NULL,NULL,NULL),('ETIQUETA CUADRO BLANCA','7861026911274',0.30,0.40,20.00,20.00,1,'12%',1,0.40,5,30,10,'1102021464001',NULL,NULL,NULL),('HOJAS PERF 1L ESCRIBE 50H','7861084200419',0.38,0.50,20.00,20.00,1,'12%',1,0.50,7,39,20,'1102021464001',NULL,NULL,NULL),('HOJAS PERF 2L ESCRIBE','7861084200426',0.35,0.50,30.00,30.00,1,'12%',1,0.50,7,53,25,'1102021464001',NULL,NULL,NULL),('HOJAS PERF CUAD ESCRIBE','7861084200433',0.38,0.50,20.00,20.00,1,'12%',1,0.50,7,19,20,'1102021464001',NULL,NULL,NULL),('PAQ HOJAS PERF 4L ESCRIBE','7861084200440',0.38,0.50,20.00,20.00,1,'12%',1,0.50,7,13,20,'1102021464001',NULL,NULL,NULL),('LIBRETA N1 CUAD ESCRIBE','7861084202123',0.30,0.40,20.00,20.00,1,'12%',1,0.40,3,7,6,'1102021464001',NULL,NULL,NULL),('LIBRETA N2 1L ESCRIBE ','7861084203113',0.45,0.60,20.00,20.00,1,'12%',1,0.60,3,12,10,'1102021464001',NULL,NULL,NULL),('LIBRETA N2 CUAD ESCRIBE','7861084203120',0.46,0.60,20.00,20.00,1,'12%',1,0.60,3,6,6,'1102021464001',NULL,NULL,NULL),('CUADERNO TAQUIGRAFIA 1L 100H','7861084208118',0.76,1.00,20.00,20.00,1,'12%',1,1.00,4,11,0,'1102021464001',NULL,NULL,NULL),('CUADERNO TAQUIGRAFIA 100H CUAD','7861084208132',0.76,1.00,20.00,20.00,1,'12%',1,1.00,4,9,0,'1102021464001',NULL,NULL,NULL),('CUADERNO MUSICA 30H ESCRIBE ','7861084210357',0.76,1.00,20.00,20.00,1,'12%',1,1.00,3,65,10,'1102021464001',NULL,NULL,NULL),('CUADERNO DIBUJO PEQ 100H ESCRIBE','7861084211101',0.30,0.40,20.00,20.00,1,'12%',1,0.40,3,8,10,'1102021464001',NULL,NULL,NULL),('CUADERNO 100H 1L ESCRIBE','7861084211118',0.42,0.55,20.00,20.00,1,'12%',1,0.55,3,70,25,'1102021464001',NULL,NULL,NULL),('CUADERNO 100H 2L ESCRIBE','7861084211125',0.42,0.55,20.00,20.00,1,'12%',1,0.55,3,77,25,'1102021464001',NULL,NULL,NULL),('CUADERNO 100H CUAD ESCRIBE','7861084211132',0.42,0.55,20.00,20.00,1,'12%',1,0.55,3,32,25,'1102021464001',NULL,NULL,NULL),('CUADERNO 100H 4L ESCRIBE','7861084211149',0.38,0.50,20.00,20.00,1,'12%',1,0.50,3,66,25,'1102021464001',NULL,NULL,NULL),('CUADERNO DIBUJO 20H ESCRIBE','7861084211200',0.15,0.20,20.00,20.00,1,'12%',1,0.20,3,88,10,'1102021464001',NULL,NULL,NULL),('CUADERNO 20H 1L ESCRIBE','7861084211217',0.19,0.25,20.00,20.00,1,'12%',1,0.25,3,425,25,'1102021464001',NULL,NULL,NULL),('CUADERNO 20H 2L ESCRIBE','7861084211224',0.19,0.25,20.00,20.00,1,'12%',1,0.25,3,201,25,'1102021464001',NULL,NULL,NULL),('CUADERNO 20H CUAD','7861084211231',0.19,0.25,20.00,20.00,1,'12%',1,0.25,3,187,25,'1102021464001',NULL,NULL,NULL),('CUADERNO 20H 4L ESCRIBE','7861084211248',0.19,0.25,20.00,20.00,1,'12%',1,0.25,3,382,25,'1102021464001',NULL,NULL,NULL),('CUADERNO DIBUJO 30H ESCRIBE','7861084211309',0.23,0.30,20.00,20.00,1,'12%',1,0.30,3,33,10,'1102021464001',NULL,NULL,NULL),('CUADERNO 30H 1L ESCRIBE','7861084211316',0.23,0.30,20.00,20.00,1,'12%',1,0.30,3,258,25,'1102021464001',NULL,NULL,NULL),('CUADERNO 30H 2L ESCRIBE','7861084211323',0.23,0.30,20.00,20.00,1,'12%',1,0.30,3,149,25,'1102021464001',NULL,NULL,NULL),('CUADERNO 30H CUAD','7861084211330',0.23,0.30,20.00,20.00,1,'12%',1,0.30,3,110,25,'1102021464001',NULL,NULL,NULL),('CUADERNO 30H 4L ESCRIBE','7861084211347',0.23,0.30,20.00,20.00,1,'12%',1,0.30,3,479,25,'1102021464001',NULL,NULL,NULL),('CUADERNO MUSICA PEQ 30H ESCRIBE','7861084211354',0.23,0.30,20.00,20.00,1,'12%',1,0.30,3,91,10,'1102021464001',NULL,NULL,NULL),('CUADERNO DIBUJO PEQ 40H ESCRIBE','7861084211408',0.30,0.40,20.00,20.00,1,'12%',1,0.40,3,5,10,'1102021464001',NULL,NULL,NULL),('CUADERNO 40H 1L ESCRIBE','7861084211415',0.27,0.35,20.00,20.00,1,'12%',1,0.35,3,186,25,'1102021464001',NULL,NULL,NULL),('CUADERNO 40H 2L ESCRIBE','7861084211422',0.27,0.35,20.00,20.00,1,'12%',1,0.35,3,98,25,'1102021464001',NULL,NULL,NULL),('CUADERNO 40H CUAD ESCRIBE','7861084211439',0.27,0.35,20.00,20.00,1,'12%',1,0.35,3,92,25,'1102021464001',NULL,NULL,NULL),('CUADERNO 40H 4L ESCRIBE','7861084211446',0.27,0.35,20.00,20.00,1,'12%',1,0.35,3,77,25,'1102021464001',NULL,NULL,NULL),('CUADERNO 50H 1L ESCRIBE','7861084211514',0.30,0.40,20.00,20.00,1,'12%',1,0.40,3,83,25,'1102021464001',NULL,NULL,NULL),('CUADERNO 50H 2L ESCRIBE','7861084211521',0.30,0.40,20.00,20.00,1,'12%',1,0.40,3,79,25,'1102021464001',NULL,NULL,NULL),('CUADERNO 50H CUAD ESCRIBE','7861084211538',0.30,0.40,20.00,20.00,1,'12%',1,0.40,3,3,25,'1102021464001',NULL,NULL,NULL),('CUADERNO 60H 1L ESCRIBE','7861084211613',0.34,0.45,20.00,20.00,1,'12%',1,0.45,3,25,25,'1102021464001',NULL,NULL,NULL),('CUADERNO 60H 2L ESCRIBE','7861084211620',0.34,0.45,20.00,20.00,1,'12%',1,0.45,3,79,25,'1102021464001',NULL,NULL,NULL),('CUADERNO 60H CUAD ESCRIBE','7861084211637',0.34,0.45,20.00,20.00,1,'12%',1,0.45,3,99,25,'1102021464001',NULL,NULL,NULL),('CUADERNO 60H 4L ESCRIBE','7861084211644',0.34,0.45,20.00,20.00,1,'12%',1,0.45,3,51,25,'1102021464001',NULL,NULL,NULL),('CUADERNO 80H 1L ESCRIBE','7861084211811',0.38,0.50,20.00,20.00,1,'12%',1,0.50,3,31,25,'1102021464001',NULL,NULL,NULL),('CUADERNO 80H 2L ESCRIBE','7861084211828',0.38,0.50,20.00,20.00,1,'12%',1,0.50,3,44,25,'1102021464001',NULL,NULL,NULL),('CUADERNO 80H CUAD ESCRIBE','7861084211835',0.34,0.50,20.00,20.00,1,'12%',1,0.50,3,84,25,'1102021464001',NULL,NULL,NULL),('CUADERNO ESP PEQ 100H 1L ESCRIBE','7861084212115',0.76,1.00,20.00,20.00,1,'12%',1,1.00,3,91,25,'1102021464001',NULL,NULL,NULL),('CUADERNO ESP PEQ 100H CUAD ESTILO','7861084212139',0.67,1.00,37.00,37.00,1,'12%',1,1.00,3,261,25,'1102021464001',NULL,NULL,NULL),('CUADERNO ESP PEQ 100H 4L ESCRIBE','7861084212146',0.67,1.00,37.00,37.00,1,'12%',1,1.00,3,79,15,'1102021464001',NULL,NULL,NULL),('CUADERNO ESP PEQ 200H CUAD ESTILO','7861084212238',1.21,1.80,37.00,37.00,1,'12%',1,1.80,3,11,10,'1102021464001',NULL,NULL,NULL),('CUADERNO ESP PEQ 60H 2L ESCRIBE','7861084212627',0.46,0.60,20.00,20.00,1,'12%',1,0.60,3,284,25,'1102021464001',NULL,NULL,NULL),('CUADERNO ESP PEQ 60H CUAD ESCRIBE','7861084212634',0.40,0.60,37.00,37.00,1,'12%',1,0.60,3,73,25,'1102021464001',NULL,NULL,NULL),('CUADERNO ESP PEQ 60H 4L ESCRIBE','7861084212641',0.40,0.60,37.00,37.00,1,'12%',1,0.60,3,108,15,'1102021464001',NULL,NULL,NULL),('CUADERNO 80H 4L ESCRIBE','7861084212849',0.38,0.50,20.00,20.00,1,'12%',1,0.50,3,66,25,'1102021464001',NULL,NULL,NULL),('CUADERNO ESP 100H 1L ESCRIBE','7861084213112',0.95,1.25,20.00,20.00,1,'12%',1,1.25,3,73,20,'1102021464001',NULL,NULL,NULL),('CUADERNO ESP 100H 2L ESCRIBE','7861084213129',0.95,1.25,20.00,20.00,1,'12%',1,1.25,3,70,25,'1102021464001',NULL,NULL,NULL),('CUADERNO ESP 100H CUAD ESCRIBE','7861084213136',0.84,1.25,37.00,37.00,1,'12%',1,1.25,3,410,25,'1102021464001',NULL,NULL,NULL),('CUADERNO ESP 100H 4L ESCRIBE','7861084213143',0.84,1.25,36.00,36.00,1,'12%',1,1.25,3,74,20,'1102021464001',NULL,NULL,NULL),('CUADERNO ESP 200H CUAD ESTILO','7861084213235',1.91,2.80,35.00,35.00,1,'12%',1,2.80,3,25,15,'1102021464001',NULL,NULL,NULL),('CUADERNO DIBUJO N5 ESCRIBE','7861084213310',0.76,1.00,20.00,20.00,1,'12%',1,1.00,8,19,7,'1102021464001',NULL,NULL,NULL),('CUADERNO ESP 60H 1L ESCRIBE','7861084213617',0.76,1.00,20.00,20.00,1,'12%',1,1.00,3,11,20,'1102021464001',NULL,NULL,NULL),('CUADERNO ESP 60H 2L ESCRIBE','7861084213624',0.76,1.00,20.00,20.00,1,'12%',1,1.00,3,42,25,'1102021464001',NULL,NULL,NULL),('CUADERNO 60H ESP CUAD ESCRIBE','7861084213631',0.71,1.00,29.00,29.00,1,'12%',1,1.00,3,578,25,'1102021464001',NULL,NULL,NULL),('CUADERNO COSIDO MIXTO 1L CUAD ESCRIBE','7861084214119',0.95,1.25,20.00,20.00,1,'12%',1,1.25,4,117,2,'1102021464001',NULL,NULL,NULL),('CUADERNO COSIDO 100H 2L ESCRIBE','7861084214126',0.95,1.25,20.00,20.00,1,'12%',1,1.25,4,165,20,'1102021464001',NULL,NULL,NULL),('CADERNO COSIDO 100H CUAD ESCRIBE','7861084214133',0.95,1.25,20.00,20.00,1,'12%',1,1.25,4,129,20,'1102021464001',NULL,NULL,NULL),('CUADERNO COSIDO PARVULARIO CUAD','7861084214140',0.95,1.25,20.00,20.00,1,'12%',1,1.25,4,28,2,'1102021464001',NULL,NULL,NULL),('CUADERNO COSIDO PARVULARIO LINEAS','7861084214157',0.95,1.25,20.00,20.00,1,'12%',1,1.25,4,89,2,'1102021464001',NULL,NULL,NULL),('CADERNO COSIDO 100H 4L ','7861084214164',0.95,1.25,20.00,20.00,1,'12%',1,1.25,4,8,2,'1102021464001',NULL,NULL,NULL),('MARACAS PLASTICAS','7861088905037',1.51,2.00,20.00,20.00,1,'12%',1,2.00,7,10,5,'1103993109001',NULL,NULL,NULL),('LEGOS JUGETES DE COSINA N 2','7861088911878',2.65,3.50,20.00,20.00,1,'12%',1,3.50,7,1,1,'1102021464001',NULL,NULL,NULL),('CUERDA PARA SALTAR','7861088911984',0.19,0.25,20.00,20.00,1,'12%',1,0.25,14,35,10,'1102021464001',NULL,NULL,NULL),('LEGO ATOMOS DIDACTICOS','7861088922034',3.41,4.50,20.00,20.00,1,'12%',1,4.50,7,1,1,'1103993109001',NULL,NULL,NULL),('CUBOS NUMERICOS','7861088922058',3.60,4.75,20.00,20.00,1,'12%',1,4.75,7,8,6,'1102021464001',NULL,NULL,NULL),('LEGO ESCALERITAS DIDACTICAS','7861088922072',3.03,4.00,20.00,20.00,1,'12%',1,4.00,7,4,2,'1102021464001',NULL,NULL,NULL),('LEGOS GUSANITO GUSTAVIN','7861088922089',3.03,4.00,20.00,20.00,1,'12%',1,4.00,7,5,4,'1102021464001',NULL,NULL,NULL),('LEGOS SUPER BLOQUE 2','7861088922126',1.90,2.50,20.00,20.00,1,'12%',1,2.50,7,14,11,'1102021464001',NULL,NULL,NULL),('FLORES DIDACTICAS','7861088922157',2.08,2.75,20.00,20.00,1,'12%',1,2.75,7,2,2,'1102021464001',NULL,NULL,NULL),('LEGOS FLORESITAS DIDACTICAS','7861088922164',3.75,4.95,20.00,20.00,1,'12%',1,4.95,7,2,1,'1102021464001',NULL,NULL,NULL),('LEGO ABACO','7861088922195',3.41,4.50,20.00,20.00,1,'12%',1,4.50,7,6,2,'1102021464001',NULL,NULL,NULL),('LEGOS MUÑECO ATOMICO','7861088922287',3.79,5.00,20.00,20.00,1,'12%',1,5.00,7,1,2,'1102021464001',NULL,NULL,NULL),('LEGOS MULLOS NUMERO 20','7861088922577',1.32,1.75,20.00,20.00,1,'12%',1,1.75,7,25,10,'1102021464001',NULL,NULL,NULL),('LEGO PAYASO POPI','7861088923109',4.43,5.85,20.00,20.00,1,'12%',1,5.85,7,6,11,'1102021464001',NULL,NULL,NULL),('LEGOS POPITO NARANJA','7861088923116',3.41,4.50,20.00,20.00,1,'12%',1,4.50,7,2,2,'1102021464001',NULL,NULL,NULL),('LEGO PAYASO TICO','7861088923192',3.41,4.50,20.00,20.00,1,'12%',1,4.50,7,1,1,'1102021464001',NULL,NULL,NULL),('LEGOS  MACRO CAMION','7861088923420',4.35,5.75,20.00,20.00,1,'12%',1,5.75,7,2,1,'1102021464001',NULL,NULL,NULL),('LEGOS MACRO CASA NUMEROS','7861088923451',4.92,6.50,20.00,20.00,1,'12%',1,6.50,7,1,1,'1103993109001',NULL,NULL,NULL),('LEGO CUBITOS NUMERICOS BALLOON','7861088926049',3.41,4.50,20.00,20.00,1,'12%',1,4.50,7,3,1,'1102021464001',NULL,NULL,NULL),('LEGO ATOMOS RANURADOS','7861088926605',3.79,5.00,20.00,20.00,1,'12%',1,5.00,7,6,2,'1102021464001',NULL,NULL,NULL),('LEGOS LEXI GEOMETRICOS PLANOS','7861088926612',3.67,4.85,20.00,20.00,1,'12%',1,4.85,7,2,1,'1102021464001',NULL,NULL,NULL),('LEGO ENGRANAJES DIDACTICOS','7861088926629',3.79,5.00,20.00,20.00,1,'12%',1,5.00,7,1,1,'1103993109001',NULL,NULL,NULL),('LEGOS ESTRELLAS DIDACTICAS','7861088926773',3.64,4.80,20.00,20.00,1,'12%',1,4.80,7,1,1,'1102021464001',NULL,NULL,NULL),('LEGOS TUVI CURVOS ','7861088926780',3.41,4.50,20.00,20.00,1,'12%',1,4.50,7,2,1,'1102021464001',NULL,NULL,NULL),('CUADERNO 20H 1L ESTILO','7861098300389',0.19,0.25,20.00,20.00,1,'12%',1,0.25,3,21,25,'1102021464001',NULL,NULL,NULL),('CUADERNO 40H CUAD ESTILO','7861098300426',0.27,0.35,20.00,20.00,1,'12%',1,0.35,3,17,25,'1102021464001',NULL,NULL,NULL),('CUADERNO ESTILO1L 30 H','7861098300556',0.23,0.30,20.00,20.00,1,'12%',1,0.30,4,25,0,'1102021464001',NULL,NULL,NULL),('CUADERNO 80H 4L ESTILO','7861098308774',0.38,0.50,20.00,20.00,1,'12%',1,0.50,3,1,25,'1102021464001',NULL,NULL,NULL),('CUADERNO ESP PEQ 60H 2L ESTILO','7861098308798',0.76,1.00,20.00,20.00,1,'12%',1,1.00,4,6,10,'1102021464001',NULL,NULL,NULL),('CUADERNO ESP 100H CUAD ESTILO','7861098309061',0.84,1.25,37.00,37.00,1,'12%',1,1.25,3,2,25,'1102021464001',NULL,NULL,NULL),('GOMA ESCARCHADA VERDE ESTILO','7861098325580',0.57,0.75,20.00,20.00,1,'12%',1,0.75,5,4,6,'1102021464001',NULL,NULL,NULL),('SILICONA LIQ ESTILO 60ML ','7861098327058',0.57,0.75,20.00,20.00,1,'12%',6,0.75,7,60,20,'1102021464001',NULL,NULL,NULL),('PAPEL BRILLANTE','7861098600038',0.23,0.30,20.00,20.00,1,'12%',1,0.30,10,111,40,'1102021464001',NULL,NULL,NULL),('HOJAS PERF PEQ CUAD VERNAZA','7861098600212',0.27,0.35,20.00,20.00,1,'12%',1,0.35,7,26,20,'1102021464001',NULL,NULL,NULL),('CUADERNO VERNAZA 30H CUADROS','7861098601011',0.23,0.30,20.00,20.00,1,'12%',1,0.30,3,25,0,'1102021464001',NULL,NULL,NULL),('CUADERNO MUSICA 30H VERNAZA','7861098601066',0.23,0.30,20.00,20.00,1,'12%',1,0.30,3,4,0,'1102021464001',NULL,NULL,NULL),('CUADERNO MUSICA 50H VERNAZA ','7861098604111',0.91,1.20,20.00,20.00,1,'12%',1,1.20,3,1,0,'1102021464001',NULL,NULL,NULL),('PAPEL BRILLANTE A4','7861098605996',0.23,0.30,20.00,20.00,1,'12%',1,0.30,5,280,50,'1102021464001',NULL,NULL,NULL),('GOMA EN BARRA BESTER GRANDE','7861123900737',0.76,1.00,20.00,20.00,1,'12%',1,1.00,5,48,20,'1102021464001',NULL,NULL,NULL),('GOMA EN BARRA BESTER','7861123900744',0.57,0.75,20.00,20.00,1,'12%',1,0.75,5,67,20,'1102021464001',NULL,NULL,NULL),('GOMA EN BARRA BESTER PEQ','7861123900751',0.38,0.50,20.00,20.00,1,'12%',1,0.50,5,64,10,'1102021464001',NULL,NULL,NULL),('MARCADOR CARIOCA 6 COL','7861129511173',0.57,0.75,20.00,20.00,1,'12%',3,0.75,1,32,25,'1102021464001',NULL,NULL,NULL),('MARCADOR CARIOCA 12 COL','7861129511180',0.95,1.25,20.00,20.00,1,'12%',3,1.25,1,90,25,'1102021464001',NULL,NULL,NULL),('PINTURA CARIOCA PEQ 12 COL','7861129512026',0.68,0.90,20.00,20.00,1,'12%',3,0.90,1,28,20,'1102021464001',NULL,NULL,NULL),('PINTURA CARIOCA LARGA 12 COL','7861129512033',1.14,1.50,20.00,20.00,1,'12%',3,1.50,1,4,5,'1102021464001',NULL,NULL,NULL),('PINTURA CARIOCA JUMBO 12','7861129512125',3.60,4.75,20.00,20.00,1,'12%',3,4.75,4,13,10,'1102021464001',NULL,NULL,NULL),('TIJERA CARIOCA ','7861129527013',0.19,0.25,20.00,20.00,1,'12%',1,0.25,2,355,20,'1102021464001',NULL,NULL,NULL),('SILICONA LIQUIDA 60ML CARIOCA','7861129527655',0.57,0.75,20.00,20.00,1,'12%',1,0.75,7,12,20,'1102021464001',NULL,NULL,NULL),('GOMA ESCARCHADA PLATA CARIOCA','7861129528065',0.57,0.75,20.00,20.00,1,'12%',1,0.75,5,6,6,'1102021464001',NULL,NULL,NULL),('GOMA ESCARCHADA ROJO CARIOCA','7861129528072',0.57,0.75,20.00,20.00,1,'12%',1,0.75,5,5,6,'1102021464001',NULL,NULL,NULL),('GOMA ESCARCHADA VERDE CARIOCA','7861129528089',0.57,0.75,20.00,20.00,1,'12%',1,0.75,5,5,6,'1102021464001',NULL,NULL,NULL),('GOMA ESCARCHADA AZUL CARIOCA','7861129528096',0.57,0.75,20.00,20.00,1,'12%',1,0.75,5,3,6,'1102021464001',NULL,NULL,NULL),('GOMA ESCARCHADA AMARILLO CARIOCA','7861129531041',0.57,0.75,20.00,20.00,1,'12%',1,0.75,5,1,6,'1102021464001',NULL,NULL,NULL),('MINI GRAPADORA CARIOCA ','7861129532093',0.76,1.00,20.00,20.00,1,'12%',5,1.00,1,4,4,'1102021464001',NULL,NULL,NULL),('GRAPAS CARIOCA 26/6','7861129532147',0.19,0.25,20.00,20.00,1,'12%',5,0.25,1,9,10,'1102021464001',NULL,NULL,NULL),('ARCHIVADOR PLASTICO CARIOCA','7861129532383',3.03,4.00,20.00,20.00,1,'12%',1,4.00,8,1,0,'1102021464001',NULL,NULL,NULL),('JUGETES EDUCATIVOS CUBOS','7861143603700',2.27,3.00,20.00,20.00,1,'12%',1,3.00,7,1,1,'1102021464001',NULL,NULL,NULL),('LEGOS ROMPECABESAS DE ABESEDARIO','7861143604783',2.65,3.50,20.00,20.00,1,'12%',1,3.50,7,1,1,'1102021464001',NULL,NULL,NULL),('MULLOS GRANDES ','7861143605643',3.03,4.00,20.00,20.00,1,'12%',1,4.00,7,10,5,'1103993109001',NULL,NULL,NULL),('CLIP ALEX 1.0MM','7861145900012',0.30,0.40,20.00,20.00,1,'12%',5,0.40,1,83,20,'1102021464001',NULL,NULL,NULL),('CLIP MARIPOSA ALEX','7861145900029',0.95,1.25,20.00,20.00,1,'12%',5,1.25,1,8,5,'1102021464001',NULL,NULL,NULL),('GRAPAS ALEX 26/6 5000PCS','7861145900036',0.76,1.00,20.00,20.00,1,'12%',5,1.00,1,3,10,'1102021464001',NULL,NULL,NULL),('GRAPAS ALEX N10','7861145900043',0.30,0.40,20.00,20.00,1,'12%',5,0.40,1,12,10,'1102021464001',NULL,NULL,NULL),('GRAPAS ALEX 26/6 1200PCS','7861145900609',0.30,0.40,20.00,20.00,1,'12%',5,0.40,1,24,10,'1102021464001',NULL,NULL,NULL),('ALMOHADILLA BENE','7861147500012',0.76,1.00,20.00,20.00,1,'12%',5,1.00,2,1,0,'1102021464001',NULL,NULL,NULL),('ARCHIVADOR BENE GRIS','7861147500029',1.90,2.50,20.00,20.00,1,'12%',1,2.50,6,1,0,'1102021464001',NULL,NULL,NULL),('ARCHIVADOR BENE NEGRO','7861147500036',1.90,2.50,20.00,20.00,1,'12%',1,2.50,6,4,4,'1102021464001',NULL,NULL,NULL),('ARCHIVADOR IDEAL ROJO','7861151303494',1.90,2.50,20.00,20.00,1,'12%',1,2.50,6,1,2,'1102021464001',NULL,NULL,NULL),('ARCHICADOR IDEAL 50MM NARANJA','7861151303524',1.90,2.50,20.00,20.00,1,'12%',1,2.50,6,6,2,'1102021464001',NULL,NULL,NULL),('ARCHIVADOR IDEAL','7861151303555',1.90,2.50,20.00,20.00,1,'12%',1,2.50,6,1,2,'1102021464001',NULL,NULL,NULL),('ARCHIVADOR TELEGRAMA IDEAL','7861151303753',1.41,2.00,30.00,30.00,1,'12%',1,2.00,8,5,4,'1102021464001',NULL,NULL,NULL),('ARCHIVADOR TELEGRAMA IDEAL VERDE','786115130377',1.51,2.00,20.00,20.00,1,'12%',2,2.00,5,2,1,'1102021464001',NULL,NULL,NULL),('ARCHIVADOR IDEAL AZUL OSCURO','7861151303913',1.90,2.50,20.00,20.00,1,'12%',1,2.50,6,1,4,'1102021464001',NULL,NULL,NULL),('HOJAS PERF 2L INEN','7861151306723',0.38,0.50,20.00,20.00,1,'12%',1,0.50,7,7,10,'1102021464001',NULL,NULL,NULL),('HOJAS PERF 4L IDEAL 50H','7861151306761',0.27,0.35,20.00,20.00,1,'12%',1,0.35,7,14,15,'1102021464001',NULL,NULL,NULL),('HOJA PERF 1L PEQ IDEAL','7861151306785',0.29,0.38,20.00,20.00,1,'12%',1,0.38,7,67,20,'1102021464001',NULL,NULL,NULL),('HOJAS PERF PEQ CUAD IDEAL','7861151306792',0.27,0.35,20.00,20.00,1,'12%',1,0.35,7,10,20,'1102021464001',NULL,NULL,NULL),('CARPETA FIBRA AMARILLA IDEAL','7861151312854',0.76,1.00,20.00,20.00,1,'12%',1,1.00,8,1,0,'1102021464001',NULL,NULL,NULL),('CARPETA FIBRA FUCSIA IDEAL','7861151312885',0.76,1.00,20.00,20.00,1,'12%',1,1.00,8,1,0,'1102021464001',NULL,NULL,NULL),('SILICONA LIQUIDA 60ML CELINA','7861161206983',0.57,0.75,20.00,20.00,1,'12%',1,0.75,7,12,20,'1102021464001',NULL,NULL,NULL),('ESCARCHA CELINA PLATA','7861161226196',0.38,0.50,20.00,20.00,1,'12%',4,0.50,5,1,0,'1102021464001',NULL,NULL,NULL),('JUEGOS EDU GEOPLANO','7861161262019',2.65,3.50,20.00,20.00,1,'12%',1,3.50,7,1,1,'1102021464001',NULL,NULL,NULL),('PUNZON DE PLATICO D1723','7861161262040',0.38,0.50,20.00,20.00,1,'12%',1,0.50,5,1,6,'1102021464001',NULL,NULL,NULL),('GOMA ESCARCHADA DORADO CELINA','7861161288651',0.57,0.75,20.00,20.00,1,'12%',1,0.75,5,5,6,'1102021464001',NULL,NULL,NULL),('CUADERNO 40H CUAD INPAPEL','7861173000128',0.27,0.35,20.00,20.00,1,'12%',1,0.35,3,40,25,'1102021464001',NULL,NULL,NULL),('CUADERNO 40H 4L INPAPEL','7861173000142',0.27,0.35,20.00,20.00,1,'12%',1,0.35,3,50,25,'1102021464001',NULL,NULL,NULL),('CUADERNO 50H 1L INPAPEL','7861173000166',0.30,0.40,20.00,20.00,1,'12%',1,0.40,3,59,25,'1102021464001',NULL,NULL,NULL),('CUADERNO 50H CUAD INPAPEL','7861173000173',0.30,0.40,20.00,20.00,1,'12%',1,0.40,3,8,25,'1102021464001',NULL,NULL,NULL),('CUADERNO 50H 2L INPAPEL','7861173000180',0.30,0.40,20.00,20.00,1,'12%',1,0.40,3,17,10,'1102021464001',NULL,NULL,NULL),('CUADERNO 60H 1L INPAPEL','7861173000234',0.34,0.45,20.00,20.00,1,'12%',1,0.45,3,93,25,'1102021464001',NULL,NULL,NULL),('CUADERNO 60H CUAD INPAPEL','7861173000241',0.34,0.45,20.00,20.00,1,'12%',1,0.45,3,32,25,'1102021464001',NULL,NULL,NULL),('CUADERNO 60H 2L INPAPEL','7861173000258',0.34,0.45,20.00,20.00,1,'12%',1,0.45,3,63,25,'1102021464001',NULL,NULL,NULL),('CUADERNO 60H 4L INPAPEL','7861173000265',0.34,0.45,20.00,20.00,1,'12%',1,0.45,3,11,25,'1102021464001',NULL,NULL,NULL),('CUADERNO 80H 1L INPAPEL','7861173000289',0.38,0.50,20.00,20.00,1,'12%',1,0.50,3,23,25,'1102021464001',NULL,NULL,NULL),('CUADERNO 80H 4L INPAPEL','7861173000319',0.38,0.50,20.00,20.00,1,'12%',1,0.50,3,16,25,'1102021464001',NULL,NULL,NULL),('CUADERNO 100H 1L INPAPEL','7861173000333',0.42,0.55,20.00,20.00,1,'12%',1,0.55,3,36,25,'1102021464001',NULL,NULL,NULL),('CUADERNO 100H CUAD INPAPEL','7861173000340',0.42,0.55,20.00,20.00,1,'12%',1,0.55,3,6,25,'1102021464001',NULL,NULL,NULL),('CUADERNO ESP 100H 4L INPAPEL','7861173000432',0.84,1.25,36.00,36.00,1,'12%',1,1.25,3,19,20,'1102021464001',NULL,NULL,NULL),('CUADERNO ESP 60H 1L INPAPEL','7861173000494',0.76,1.00,20.00,20.00,1,'12%',1,1.00,3,32,20,'1102021464001',NULL,NULL,NULL),('CUADERNO ESP 60H 2L INPAPEL','7861173000517',0.76,1.00,20.00,20.00,1,'12%',1,1.00,3,35,25,'1102021464001',NULL,NULL,NULL),('CUADERNO ESP PEQ 100H 1L INPAPEL','7861173000531',0.76,1.00,20.00,20.00,1,'12%',1,1.00,3,171,25,'1102021464001',NULL,NULL,NULL),('CUADERNO MIXTO 100H 4L CUAD','7861173000609',0.76,1.00,20.00,20.00,1,'12%',1,1.00,4,13,10,'1102021464001',NULL,NULL,NULL),('HOJAS PERF 1L MIS APUNTES 50H','7861173000838',0.38,0.50,20.00,20.00,1,'12%',1,0.50,7,31,20,'1102021464001',NULL,NULL,NULL),('HOJAS PERF 2L INPAPEL','7861173000852',0.38,0.50,20.00,20.00,1,'12%',1,0.50,7,16,10,'1102021464001',NULL,NULL,NULL),('PAQ HOJAS PERF 4L MIS APUNTES','7861173000869',0.38,0.50,20.00,20.00,1,'12%',1,0.50,7,1,20,'1102021464001',NULL,NULL,NULL),('CUADERNO PAUTADO MIXTO 30H INPAPEL','7861173001163',0.76,1.00,20.00,20.00,1,'12%',1,1.00,3,11,4,'1102021464001',NULL,NULL,NULL),('CADERNO COSIDO 100H 2L INPAPEL','7861173001194',0.95,1.25,20.00,20.00,1,'12%',1,1.25,4,7,2,'1102021464001',NULL,NULL,NULL),('CUADERNO COSIDO MIXTO 4L CUAD INPAPEL','7861173001507',0.95,1.25,20.00,20.00,1,'12%',1,1.25,4,48,20,'1102021464001',NULL,NULL,NULL),('CUADERNO MIXTO INPAPEL 2L CUAD','7861173002986',0.95,1.25,20.00,20.00,1,'12%',1,1.25,4,5,2,'1102021464001',NULL,NULL,NULL),('PORTAMINAS PASSOLA CRISTAL','7861185600026',0.38,0.50,20.00,20.00,1,'12%',4,0.50,5,22,0,'1102021464001',NULL,NULL,NULL),('CORRECTOR PASSOLA','7861185600033',0.57,0.75,20.00,20.00,1,'12%',1,0.75,5,385,25,'1102021464001',NULL,NULL,NULL),('TIGERAS SIN MARCA','7861185600651',0.19,0.25,20.00,20.00,1,'12%',1,0.25,2,5,0,'1102021464001',NULL,NULL,NULL),('PINTURA PASSOLA GRANDE','7861185601016',2.12,2.80,20.00,20.00,1,'12%',4,2.80,3,4,0,'1102021464001',NULL,NULL,NULL),('RESALTADOR PASSOLA AMARILLO','7861185613095',0.57,0.75,20.00,20.00,1,'12%',1,0.75,5,70,11,'1102021464001',NULL,NULL,NULL),('RESALTADOR PASSOLA VERDE','7861185613118',0.57,0.75,20.00,20.00,1,'12%',1,0.75,5,274,11,'1102021464001',NULL,NULL,NULL),('RESALTADOR PASSOLA ROSADO','7861185613125',0.57,0.75,20.00,20.00,1,'12%',1,0.75,5,77,6,'1102021464001',NULL,NULL,NULL),('RESALTADOR PASSOLA CELESTE','7861185622585',0.57,0.75,20.00,20.00,1,'12%',1,0.75,5,61,10,'1102021464001',NULL,NULL,NULL),('CEMENTO DE CONTACTO AFRICANO','7861194600048',0.76,1.00,20.00,20.00,1,'12%',5,1.00,7,4,4,'1102021464001',NULL,NULL,NULL),('COLA BLANCA BIOBLAST 1/4','7861194608273',1.51,2.00,20.00,20.00,1,'12%',1,2.00,7,29,10,'1102021464001',NULL,NULL,NULL),('GOMA BIOPLAST 140 G','7861194608303',0.30,0.40,20.00,20.00,1,'12%',1,0.40,7,218,20,'1102021464001',NULL,NULL,NULL),('GOMA BIOPLAST 260GR','7861194608310',0.53,0.70,20.00,20.00,1,'12%',1,0.70,7,80,0,'1102021464001',NULL,NULL,NULL),('ETIQUETA NARANJA LARGA SD','7862102032609',0.30,0.40,20.00,20.00,1,'12%',1,0.40,5,1,10,'1102021464001',NULL,NULL,NULL),('SILICONA LIQUIDA 30ML CELINA','7862102570378',0.38,0.50,20.00,20.00,1,'12%',1,0.50,7,17,4,'1102021464001',NULL,NULL,NULL),('SILICONA LIQUIDA 100ML CELINA','7862102570385',0.76,1.00,20.00,20.00,1,'12%',1,1.00,7,21,20,'1102021464001',NULL,NULL,NULL),('SILICONA LIQUIDA 250ML CELINA','7862102570392',1.32,1.75,20.00,20.00,1,'12%',6,1.75,7,24,20,'1102021464001',NULL,NULL,NULL),('PALETA PARA PINTURA','7862102576264',0.91,1.20,20.00,20.00,1,'12%',3,1.20,1,2,0,'1102021464001',NULL,NULL,NULL),('ETIQUETA  ADESIVA 2','7862102602406',0.30,0.40,20.00,20.00,1,'12%',1,0.40,5,6,10,'1102021464001',NULL,NULL,NULL),('DACTILO PINTURA AMARILLO DEDITOS','7862106060110',0.60,0.80,20.00,20.00,1,'12%',3,0.80,1,3,2,'1102021464001',NULL,NULL,NULL),('DACTILO PINTURA CELESTE DEDITOS','7862106060134',0.60,0.80,20.00,20.00,1,'12%',3,0.80,1,1,2,'1102021464001',NULL,NULL,NULL),('DACTILO PINTURA AZUL DEDITOS ','7862106060141',0.60,0.80,20.00,20.00,1,'12%',3,0.80,1,6,2,'1102021464001',NULL,NULL,NULL),('DACTILO PINTURA ROJO DEDITOS ','7862106060165',0.60,0.80,20.00,20.00,1,'12%',3,0.80,1,2,2,'1102021464001',NULL,NULL,NULL),('DACTILO PINTURA CAFE DEDITOS','7862106060189',0.60,0.80,20.00,20.00,1,'12%',3,0.80,1,1,2,'1102021464001',NULL,NULL,NULL),('DACTILO PINTURA NEGRO DEDITOS','7862106060196',0.60,0.80,20.00,20.00,1,'12%',3,0.80,1,1,2,'1102021464001',NULL,NULL,NULL),('PLASTILINA DEDITOS','7862106060370',0.53,0.70,20.00,20.00,1,'12%',1,0.70,5,1,0,'1102021464001',NULL,NULL,NULL),('DACTILO PINTURA MORADO DEDITOS','7862106060462',0.60,0.80,20.00,20.00,1,'12%',3,0.80,1,1,2,'1102021464001',NULL,NULL,NULL),('DACTILO PINTURA FUCSIA DEDITOS','7862106060486',0.60,0.80,20.00,20.00,1,'12%',3,0.80,1,1,2,'1102021464001',NULL,NULL,NULL),('DACTILO PINTURA VERDE LIMON DEDITOS','7862106060509',0.60,0.80,20.00,20.00,1,'12%',3,0.80,1,1,2,'1102021464001',NULL,NULL,NULL),('DACTILO PINTURA ESCARCHADO NEGRO DEDITOS','7862106060523',0.95,1.25,20.00,20.00,1,'12%',3,1.25,1,1,1,'1102021464001',NULL,NULL,NULL),('DACTILO PINTURA ESCARCHADO VERDE DEDITOS','7862106060561',0.95,1.25,20.00,20.00,1,'12%',3,1.25,1,1,1,'1102021464001',NULL,NULL,NULL),('DACTILO PINTURA ESCARCHADA FUCSIA DEDIOS','7862106060615',0.95,1.25,20.00,20.00,1,'12%',3,1.25,1,1,1,'1102021464001',NULL,NULL,NULL),('DACTILO PINTURA NEON AMARILLO DEDITOS','7862106060974',0.76,1.00,20.00,20.00,1,'12%',3,1.00,1,1,1,'1102021464001',NULL,NULL,NULL),('DACTILO PINTURA NEON NARANJA DEDITOS','7862106060981',0.76,1.00,20.00,20.00,1,'12%',3,1.00,1,1,1,'1102021464001',NULL,NULL,NULL),('DACTILO PINTURA NEON MAGENTA DEDITOS','7862106060998',0.76,1.00,20.00,20.00,1,'12%',3,1.00,1,1,1,'1102021464001',NULL,NULL,NULL),('PAQ HOJAS PERF 4L INEM','7862114750256',0.38,0.50,20.00,20.00,1,'12%',1,0.50,7,10,20,'1102021464001',NULL,NULL,NULL),('ETIQUETA FOSFORESCENTE ROJO','7862114751949',0.30,0.40,20.00,20.00,1,'12%',1,0.40,5,7,2,'1102021464001',NULL,NULL,NULL),('ETIQUETA FOSFORESCENTE ROSADA','7862114751970',0.30,0.40,20.00,20.00,1,'12%',1,0.40,5,3,5,'1102021464001',NULL,NULL,NULL),('ETIQUETA LARGA BLANCA','7862114751987',0.30,0.40,20.00,20.00,1,'12%',1,0.40,5,5,10,'1102021464001',NULL,NULL,NULL),('ETIQUETA FOSFORESCENTE T-22 AMARILLA','7862114751994',0.30,0.40,20.00,20.00,1,'12%',1,0.40,5,2,2,'1102021464001',NULL,NULL,NULL),('ETIQUETA ROJO T-22','7862114752007',0.30,0.40,20.00,20.00,1,'12%',1,0.40,5,13,10,'1102021464001',NULL,NULL,NULL),('ETIQUETA VERDE T-22','7862114752014',0.30,0.40,20.00,20.00,1,'12%',1,0.40,5,2,10,'1102021464001',NULL,NULL,NULL),('ETIQUETA LARGANARANJA T-22','7862114752021',0.30,0.40,20.00,20.00,1,'12%',1,0.40,5,13,10,'1102021464001',NULL,NULL,NULL),('ETIQUETA LARGA ROSADA','7862114752038',0.30,0.40,20.00,20.00,1,'12%',1,0.40,5,12,10,'1102021464001',NULL,NULL,NULL),('ETIQUETA CORAZON VERDE','7862114752069',0.30,0.40,20.00,20.00,1,'12%',1,0.40,5,2,10,'1102021464001',NULL,NULL,NULL),('ETIQUETA CORAZON AMARILLO','7862114752144',0.30,0.40,20.00,20.00,1,'12%',1,0.40,5,2,10,'1102021464001',NULL,NULL,NULL),('ETIQUETA CORAZON VERDE FOSFO','7862114752168',0.30,0.40,20.00,20.00,1,'12%',1,0.40,5,7,10,'1102021464001',NULL,NULL,NULL),('ETIQUETA CORAZON NARANJA','7862114752175',0.30,0.40,20.00,20.00,1,'12%',1,0.40,5,4,10,'1102021464001',NULL,NULL,NULL),('LUPA LANCER 50MM','7862114754490',0.46,0.60,20.00,20.00,1,'12%',1,0.60,1,13,5,'1102021464001',NULL,NULL,NULL),('LUPA LANCER 75MM','7862114754513',0.76,1.00,20.00,20.00,1,'12%',1,1.00,1,4,2,'1102021464001',NULL,NULL,NULL),('ETIQUETA LARGA AMARILLA','7862114755831',0.30,0.40,20.00,20.00,1,'12%',1,0.40,5,66,10,'1102021464001',NULL,NULL,NULL),('PINTURA ACRILICA ROJO KENART','7862117671459',0.57,0.75,20.00,20.00,1,'12%',4,0.75,1,5,5,'1102021464001',NULL,NULL,NULL),('PINTURA ACRILICA AMARILLO KENART','7862117671510',0.57,0.75,20.00,20.00,1,'12%',4,0.75,1,6,5,'1102021464001',NULL,NULL,NULL),('PINTURA ACRILICA MAGENTA KENART','7862117671527',0.57,0.75,20.00,20.00,1,'12%',4,0.75,1,8,5,'1102021464001',NULL,NULL,NULL),('PINTURA ACRILICA PLATA KENART','7862117671541',0.57,0.75,20.00,20.00,1,'12%',4,0.75,1,5,5,'1102021464001',NULL,NULL,NULL),('PINTURA ACRILICA GRIS KENART','7862117671633',0.57,0.75,20.00,20.00,1,'12%',4,0.75,1,3,5,'1102021464001',NULL,NULL,NULL),('CINTA PEQUEÑA DE AGUA AMARILLO','7862121414035',0.38,0.50,20.00,20.00,1,'12%',6,0.50,1,2,6,'1102021464001',NULL,NULL,NULL),('CINTA PEQUEÑA DE AGUA AZUL ','7862121414042',0.38,0.50,20.00,20.00,1,'12%',6,0.50,1,1,6,'1102021464001',NULL,NULL,NULL),('CINTA PEQUEÑA DE AGUA CELESTE','7862121414073',0.38,0.50,20.00,20.00,1,'12%',6,0.50,1,2,6,'1102021464001',NULL,NULL,NULL),('CINTA PEQUEÑA DE AGUA MAGENTA','7862121414141',0.38,0.50,20.00,20.00,1,'12%',6,0.50,1,2,6,'1102021464001',NULL,NULL,NULL),('CINTA DE AGUA MEDIANA MORADO','7862121414158',0.57,0.75,20.00,20.00,1,'12%',6,0.75,1,6,6,'1102021464001',NULL,NULL,NULL),('CINTA PEQUEÑA DE AGUA ORO','7862121414189',0.38,0.50,20.00,20.00,1,'12%',6,0.50,1,2,6,'1102021464001',NULL,NULL,NULL),('CINTA PEQUEÑA DE AGUA VERDE FRUTA','7862121414240',0.38,0.50,20.00,20.00,1,'12%',6,0.50,1,1,6,'1102021464001',NULL,NULL,NULL),('SILICONA LIQUIDA 250ML MARCEL','7862121418064',1.32,1.75,20.00,20.00,1,'12%',1,1.75,7,11,5,'1102021464001',NULL,NULL,NULL),('SEPARDOR DE HOJAS SICKY UTILESA','7862124950325',0.57,0.75,20.00,20.00,1,'12%',5,0.75,1,24,6,'1102021464001',NULL,NULL,NULL),('PAPEL MILIMETRADO PAQ ARTEL','787210019753',1.51,2.00,20.00,20.00,1,'12%',1,2.00,8,12,2,'1102021464001',NULL,NULL,NULL),('LUPA GLASS 75MM','7890026052229',0.57,0.75,20.00,20.00,1,'12%',1,0.75,1,12,5,'1102021464001',NULL,NULL,NULL),('ARCILLA ACRILEX','7891153014258',3.79,5.00,20.00,20.00,1,'12%',1,5.00,6,7,5,'1102021464001',NULL,NULL,NULL),('MINAS FABER HB 0,5','7891360472629',0.30,0.40,20.00,20.00,1,'12%',1,0.40,5,84,10,'1102021464001',NULL,NULL,NULL),('MINAS FABER 0.5 HB','7891360472643',0.30,0.40,20.00,20.00,1,'12%',1,0.40,5,72,10,'1102021464001',NULL,NULL,NULL),('MINAS FABER 0.7 HB','7891360472728',0.30,0.40,20.00,20.00,1,'12%',1,0.40,5,13,6,'1102021464001',NULL,NULL,NULL),('PINTURA FABER CASTELL LARGA 12 COL','7891360638506',2.27,3.00,20.00,20.00,1,'12%',3,3.00,1,39,20,'1102021464001',NULL,NULL,NULL),('PINTURA FABER CASTELL PEQ 12 COL','7891360638681',1.14,1.50,20.00,20.00,1,'12%',3,1.50,1,105,20,'1102021464001',NULL,NULL,NULL),('PINCEL TIGER 2','7891395033239',0.57,0.75,20.00,20.00,1,'12%',1,0.75,6,4,0,'1102021464001',NULL,NULL,NULL),('PINCEL TIGRE 8','7891395033260',0.07,0.10,20.00,20.00,1,'12%',1,0.10,6,6,4,'1102021464001',NULL,NULL,NULL),('LAPIZ CIS NEOTRIX','7896326969717',0.30,0.40,20.00,20.00,1,'12%',4,0.40,5,5,0,'1102021464001',NULL,NULL,NULL),('CORRECTOR EN CINTA ARTI CREATIVO','7896326976135',1.14,1.50,20.00,20.00,1,'12%',1,1.50,2,17,0,'1102021464001',NULL,NULL,NULL),('TINTA PARA TESIDO PRETA','7896572017743',0.49,0.65,20.00,20.00,1,'12%',3,0.65,5,1,0,'1102021464001',NULL,NULL,NULL),('TINTA PARA TESIDO MAGENTA','7896572018320',0.49,0.65,20.00,20.00,1,'12%',3,0.65,5,3,0,'1102021464001',NULL,NULL,NULL),('TINTA PARA TESIDO COBRE','7896572018467',0.49,0.65,20.00,20.00,1,'12%',3,0.65,5,1,0,'1102021464001',NULL,NULL,NULL),('TINTA PARA TESIDO CINZA','7896572019426',0.49,0.65,20.00,20.00,1,'12%',3,0.65,5,3,2,'1102021464001',NULL,NULL,NULL),('ESFERO COMPACTOR','7896572019457',0.46,0.60,20.00,20.00,1,'12%',4,0.60,5,3,0,'1102021464001',NULL,NULL,NULL),('BASE PARA RECARGA MAX COLOR MCR-41TC','8000000004116',3.79,5.00,20.00,20.00,1,'12%',2,5.00,2,1,1,'1191725847001',NULL,NULL,NULL),('BASE PARA RECARGA MAX COLOR MCR-41BC','8000000004123',3.79,5.00,20.00,20.00,1,'12%',2,5.00,2,1,1,'1191725847001',NULL,NULL,NULL),('CRAYON PARA FOMIX GIOTTO','8000825265006',3.03,4.00,20.00,20.00,1,'12%',1,4.00,5,1,0,'1102021464001',NULL,NULL,NULL),('RESALTADOR TRATTO CELESTE','8000825830457',0.57,0.75,20.00,20.00,1,'12%',4,0.75,5,1,20,'1102021464001',NULL,NULL,NULL),('RESALTADOR TRATTO FUCSIA','8000825830471',0.57,0.75,20.00,20.00,1,'12%',4,0.75,5,1,20,'1102021464001',NULL,NULL,NULL),('PINZAS ALEX 24PCS','8016881094429',1.14,1.50,20.00,20.00,1,'12%',6,1.50,3,1,10,'1102021464001',NULL,NULL,NULL),('ARCHIVADOR BENE ROJO','841147500035',1.90,2.50,20.00,20.00,1,'12%',1,2.50,6,5,2,'1102021464001',NULL,NULL,NULL),('PINTURA MILAN LARGA 12 COL','8411574023807',3.41,4.50,20.00,20.00,1,'12%',3,4.50,1,5,20,'1102021464001',NULL,NULL,NULL),('PLASTILINA MOLIN BLOQUE','8436038975348',0.76,1.00,20.00,20.00,1,'12%',1,1.00,5,4,1,'1102021464001',NULL,NULL,NULL),('FLAUTA ALEX','8461388800828',1.51,2.00,20.00,20.00,1,'12%',1,2.00,7,16,10,'1102021464001',NULL,NULL,NULL),('CARPETA PRINCESS','8503008183901',0.76,1.00,20.00,20.00,1,'12%',1,1.00,10,5,0,'1102021464001',NULL,NULL,NULL),('ARCHIVADOR PLASTICO YILAILI','8503008184021',4.92,6.50,20.00,20.00,1,'12%',1,6.50,8,2,0,'1102021464001',NULL,NULL,NULL),('STICK NOTE FIGURA ESTRELLA','8503008184373',0.57,0.75,20.00,20.00,1,'12%',5,0.75,1,24,5,'1102021464001',NULL,NULL,NULL),('SEPARDOR DE HOJAS SICKY JIA TE','8503008184380',0.57,0.75,20.00,20.00,1,'12%',5,0.75,1,1,0,'1102021464001',NULL,NULL,NULL),('LAPIZ STABILO 7B','8595147804038',0.57,0.75,20.00,20.00,1,'12%',4,0.75,5,44,10,'1102021464001',NULL,NULL,NULL),('LAPIZ STABILO 8B','8595147804045',0.57,0.75,20.00,20.00,1,'12%',4,0.75,5,12,25,'1102021464001',NULL,NULL,NULL),('LAPIZ ADEL FLASH','8690826027002',0.38,0.50,20.00,20.00,1,'12%',4,0.50,5,17,10,'1102021464001',NULL,NULL,NULL),('LAPIZ ADEL VELVET HB','8690826112449',0.38,0.50,20.00,20.00,1,'12%',4,0.50,5,7,10,'1102021464001',NULL,NULL,NULL),('PORTAMINAS ADEL AUTO 043','8690826124312',0.68,0.90,20.00,20.00,1,'12%',4,0.90,5,2,0,'1102021464001',NULL,NULL,NULL),('LAPIZ ADEL','8690826200900',0.38,0.50,20.00,20.00,1,'12%',4,0.50,5,64,10,'1102021464001',NULL,NULL,NULL),('RESALTADOR JET DE CERA CELESTE','8801456312219',0.76,1.00,20.00,20.00,1,'12%',1,1.00,5,7,0,'1102021464001',NULL,NULL,NULL),('RESALTADOR JET DE CERA','8801456312226',0.76,1.00,20.00,20.00,1,'12%',1,1.00,5,1,0,'1102021464001',NULL,NULL,NULL),('KIT RECARGA CANON CL-41','8809102604015',3.79,5.00,20.00,20.00,1,'12%',2,5.00,2,1,1,'1191725847001',NULL,NULL,NULL),('CARTUCHO HP 60 COLOR','883585983193',22.73,30.00,20.00,20.00,1,'12%',2,30.00,2,1,1,'1191725847001',NULL,NULL,NULL),('CARTUCHO HP 122 NEGRO','884962983546',13.64,18.00,20.00,20.00,1,'12%',2,18.00,2,1,1,'1191725847001',NULL,NULL,NULL),('CARTUCHO HP 122 COLOR','884962983553',16.67,22.00,20.00,20.00,1,'12%',2,22.00,2,2,1,'1191725847001',NULL,NULL,NULL),('TINTA PARA SELLO GREEN HORSE','8851552511085',0.76,1.00,20.00,20.00,1,'12%',1,1.00,5,1,0,'1102021464001',NULL,NULL,NULL),('CARTUCHO HP 622 COLOR','886112670122',26.52,35.00,20.00,20.00,1,'12%',2,35.00,2,1,1,'1191725847001',NULL,NULL,NULL),('BORRADOR NATARAJ','8901324007954',0.30,0.40,20.00,20.00,1,'12%',1,0.40,5,2,5,'1102021464001',NULL,NULL,NULL),('ESFERO NATARAJ SUPER NEGRO','8901324009279',0.27,0.35,20.00,20.00,1,'12%',4,0.35,5,14,10,'1102021464001',NULL,NULL,NULL),('ESFERO NATARAJ SUPER AZUL','8901324009286',0.27,0.35,20.00,20.00,1,'12%',4,0.35,5,3,10,'1102021464001',NULL,NULL,NULL),('ESFERO NATARAJ SUPER VERDE','8901324009293',0.27,0.35,20.00,20.00,1,'12%',4,0.35,5,18,10,'1102021464001',NULL,NULL,NULL),('ESFERO NATARAJ SUPER NARANJA','8901324009309',0.27,0.35,20.00,20.00,1,'12%',4,0.35,5,16,10,'1102021464001',NULL,NULL,NULL),('ESFERO NATARAJ GRIPPO 0.7 NEGRO','8901324010695',0.27,0.35,20.00,20.00,1,'12%',4,0.35,5,10,10,'1102021464001',NULL,NULL,NULL),('ESFERO NATARAJ GRIPPO 0.7 ROJO','8901324010701',0.27,0.35,20.00,20.00,1,'12%',4,0.35,5,6,10,'1102021464001',NULL,NULL,NULL),('ESFERO NATARAJ VERDE','8901324010718',0.27,0.35,20.00,20.00,1,'12%',4,0.35,5,10,10,'1102021464001',NULL,NULL,NULL),('CRAYON NATARAJ TRIANG','8901324014402',1.21,1.60,20.00,20.00,1,'12%',1,1.60,5,26,6,'1102021464001',NULL,NULL,NULL),('ESFERO NATARAJ COLORES','8901324016826',0.27,0.35,20.00,20.00,1,'12%',4,0.35,5,81,25,'1102021464001',NULL,NULL,NULL),('DICCIONARIO INGLES-ESPAÑOL OCEANO','9789583202193',4.17,5.50,20.00,20.00,1,'12%',1,5.50,8,9,10,'1102021464001',NULL,NULL,NULL),('DICCIONARIO SINONIMOS OCEANO','9789583202209',4.17,5.50,20.00,20.00,1,'12%',1,5.50,8,4,2,'1102021464001',NULL,NULL,NULL),('DICCIONARIO SINONIMOS SIGMA','9789942902443',1.90,2.50,20.00,20.00,1,'12%',1,2.50,8,12,2,'1102021464001',NULL,NULL,NULL),('TABLA POCHITO','9789972081460',0.76,1.00,20.00,20.00,1,'12%',1,1.00,10,35,5,'1102021464001',NULL,NULL,NULL),('DICCIONARIO SINONIMOS CHIRRE','9789972085994',2.08,2.75,20.00,20.00,1,'12%',1,2.75,8,2,0,'1102021464001',NULL,NULL,NULL),('DICCIONARIO BASICO NORMA','9789978548202',3.41,4.50,20.00,20.00,1,'12%',1,4.50,8,6,2,'1102021464001',NULL,NULL,NULL),('DICCIONARIO NORMA MINI NORMA','9789978548219',1.90,2.50,20.00,20.00,1,'12%',1,2.50,8,8,2,'1102021464001',NULL,NULL,NULL),('DICCIONARIO LNS ESCOLAR','9789978719183',2.27,3.00,20.00,20.00,1,'12%',1,3.00,8,38,5,'1102021464001',NULL,NULL,NULL),('DICCIONARIO LNS ESTUDIANTIL','9789978719190',3.03,4.00,20.00,20.00,1,'12%',1,4.00,8,20,20,'1102021464001',NULL,NULL,NULL);
/*!40000 ALTER TABLE `producto` ENABLE KEYS */;
UNLOCK TABLES;

--
-- Table structure for table `proveedores`
--

DROP TABLE IF EXISTS `proveedores`;
/*!40101 SET @saved_cs_client     = @@character_set_client */;
/*!40101 SET character_set_client = utf8 */;
CREATE TABLE `proveedores` (
  `empresa` varchar(50) NOT NULL,
  `ruc` varchar(15) NOT NULL,
  `nombre_cuenta` varchar(30) NOT NULL,
  `tipo_cuenta` varchar(20) NOT NULL,
  `numero_cuenta` varchar(15) DEFAULT NULL,
  `deuda` decimal(7,2) NOT NULL DEFAULT '0.00',
  `telefono` varchar(10) DEFAULT NULL,
  `estado` tinyint(1) DEFAULT '1',
  PRIMARY KEY (`ruc`),
  UNIQUE KEY `empresa` (`empresa`)
) ENGINE=InnoDB DEFAULT CHARSET=utf8;
/*!40101 SET character_set_client = @saved_cs_client */;

--
-- Dumping data for table `proveedores`
--

LOCK TABLES `proveedores` WRITE;
/*!40000 ALTER TABLE `proveedores` DISABLE KEYS */;
INSERT INTO `proveedores` VALUES ('(Vacio)','(Vacio)','(Vacio)','(Vacio)','(Vacio)',0.00,'(Vacio)',1),('Graficas Santiago','1102021464001','Julio Cesar Luna Cruz','Cta. Corriente','2900037571',0.00,'2573358',1),('Papeleria Aguilar','1103993109001','Luis Aguilar','Cta. Ahorros','1101212364',51.93,'2582454',1),('TONERS','1191725847001','Empresa tecnologica Toners','Cta. Ahorros','2901390003',86.42,'2576307',1),('Romar','8974928379827','ksjdhfksjdfhq','Cta. Corriente','92834792834798',0.00,'9837498237',1);
/*!40000 ALTER TABLE `proveedores` ENABLE KEYS */;
UNLOCK TABLES;

--
-- Table structure for table `ubicacion`
--

DROP TABLE IF EXISTS `ubicacion`;
/*!40101 SET @saved_cs_client     = @@character_set_client */;
/*!40101 SET character_set_client = utf8 */;
CREATE TABLE `ubicacion` (
  `id_ubicacion` int(3) NOT NULL AUTO_INCREMENT,
  `nombre_ubicacion` varchar(20) NOT NULL,
  PRIMARY KEY (`id_ubicacion`),
  UNIQUE KEY `nombre_ubicacion` (`nombre_ubicacion`)
) ENGINE=InnoDB AUTO_INCREMENT=15 DEFAULT CHARSET=utf8;
/*!40101 SET character_set_client = @saved_cs_client */;

--
-- Dumping data for table `ubicacion`
--

LOCK TABLES `ubicacion` WRITE;
/*!40000 ALTER TABLE `ubicacion` DISABLE KEYS */;
INSERT INTO `ubicacion` VALUES (2,'Percha 1'),(9,'Percha 10'),(10,'Percha 11'),(11,'Percha 12'),(12,'Percha 13'),(13,'Percha 14'),(14,'Percha 18'),(3,'Percha 2'),(4,'Percha 3'),(7,'Percha 4'),(6,'Percha 8'),(8,'Percha 9'),(1,'Vitrina 1'),(5,'Vitrina 2');
/*!40000 ALTER TABLE `ubicacion` ENABLE KEYS */;
UNLOCK TABLES;

--
-- Table structure for table `usuario`
--

DROP TABLE IF EXISTS `usuario`;
/*!40101 SET @saved_cs_client     = @@character_set_client */;
/*!40101 SET character_set_client = utf8 */;
CREATE TABLE `usuario` (
  `cedula_usuario` varchar(10) NOT NULL,
  `nombre` varchar(50) NOT NULL,
  `usuario` varchar(15) NOT NULL,
  `contrasena` varchar(128) NOT NULL,
  `rol` int(10) DEFAULT NULL,
  `estado` tinyint(1) DEFAULT '1',
  PRIMARY KEY (`cedula_usuario`),
  UNIQUE KEY `nombre` (`nombre`),
  UNIQUE KEY `usuario` (`usuario`)
) ENGINE=InnoDB DEFAULT CHARSET=utf8;
/*!40101 SET character_set_client = @saved_cs_client */;

--
-- Dumping data for table `usuario`
--

LOCK TABLES `usuario` WRITE;
/*!40000 ALTER TABLE `usuario` DISABLE KEYS */;
INSERT INTO `usuario` VALUES ('0984092840','ert','ert','76d80224611fc919a5d54f0ff9fba446',1,1),('1102588090','Consuelo Reyes','marthareyes','2ceda5ead278b85bcf12f40842262586',1,1),('1105970717','Roberth Torres','retorres9','9612cab7f880a2ab1542c64ac82c6ea1',0,1);
/*!40000 ALTER TABLE `usuario` ENABLE KEYS */;
UNLOCK TABLES;

--
-- Table structure for table `venta`
--

DROP TABLE IF EXISTS `venta`;
/*!40101 SET @saved_cs_client     = @@character_set_client */;
/*!40101 SET character_set_client = utf8 */;
CREATE TABLE `venta` (
  `id_Venta` int(10) NOT NULL AUTO_INCREMENT,
  `total_Venta` decimal(7,2) NOT NULL,
  `valor_Cancelado` decimal(7,2) NOT NULL,
  `fecha` varchar(10) DEFAULT NULL,
  `cedula_usuario` varchar(10) NOT NULL,
  PRIMARY KEY (`id_Venta`),
  KEY `usuario_fk` (`cedula_usuario`),
  CONSTRAINT `usuario_fk` FOREIGN KEY (`cedula_usuario`) REFERENCES `usuario` (`cedula_usuario`)
) ENGINE=InnoDB AUTO_INCREMENT=3 DEFAULT CHARSET=utf8;
/*!40101 SET character_set_client = @saved_cs_client */;

--
-- Dumping data for table `venta`
--

LOCK TABLES `venta` WRITE;
/*!40000 ALTER TABLE `venta` DISABLE KEYS */;
INSERT INTO `venta` VALUES (1,2.50,3.00,'25/03/2018','1102588090'),(2,0.30,0.45,'28/03/2018','1102588090');
/*!40000 ALTER TABLE `venta` ENABLE KEYS */;
UNLOCK TABLES;
/*!40103 SET TIME_ZONE=@OLD_TIME_ZONE */;

/*!40101 SET SQL_MODE=@OLD_SQL_MODE */;
/*!40014 SET FOREIGN_KEY_CHECKS=@OLD_FOREIGN_KEY_CHECKS */;
/*!40014 SET UNIQUE_CHECKS=@OLD_UNIQUE_CHECKS */;
/*!40101 SET CHARACTER_SET_CLIENT=@OLD_CHARACTER_SET_CLIENT */;
/*!40101 SET CHARACTER_SET_RESULTS=@OLD_CHARACTER_SET_RESULTS */;
/*!40101 SET COLLATION_CONNECTION=@OLD_COLLATION_CONNECTION */;
/*!40111 SET SQL_NOTES=@OLD_SQL_NOTES */;

-- Dump completed on 2018-03-30 10:31:56
